name,SRS2020_Predictions,Experimental_ddG
2B2X_V238T_E252K_Q426S_Y450N,1.4928966801665726,1.0436810268496701
3VR6_L477A_L1069A_L1651A_V478A_V1070A_V1652A_R3253A_R3254A,1.5328876833260572,2.04980050240201
1CHO_L253M_Y255Q,2.739487157359013,3.5196218203490197
1CHO_E245D_L253M_R256M_E278D,2.5179899245971327,2.7283422121839904
1BD2_E476A_R65A,4.190550379700877,3.1152542112782
1KNE_D40F_T54I,-0.05527595830853668,0.204301430180026
2G2U_W415A_Y408A,4.350931748001041,0.989123372986307
1OHZ_S151Q_S185Q,3.195323477328028,2.1854839503956
4B0M_T7G_M8A,1.1693776870299442,0.4416569574206021
2B2X_V238T_E252K_Q426S_Y450N_H429R,2.3312890301765408,2.16798192400929
4K71_M416V_A418T_G503R_A545V,2.4457955982030057,2.8913277022250896
4G0N_Q177A_V45A,2.0566184725271417,1.55136036919817
1CHO_A250R_T252K_L253R,8.111055527113143,7.987397760644151
1CZ8_L222M_D28T_H31N_Y103R_G104N,0.11245657672872728,1.03262562239318
1R0R_D276N_E279D_A284V_T286S_E288L_R290M_V311A_E312D,2.1786659839121407,-0.9173604782788001
4J2L_V23A_S34D,4.069739103471647,2.2666831955005486
4G0N_R170A_D33A,1.883879798391816,2.5166071589634
1JTG_Q74A_W412A,3.975301652735943,3.82366827368092
1PPF_Y229H_E237D_L241I_N246S_G250S_N254D_V260M_E261D,2.6275479827978727,0.32947758636817603
2KSO_K49D_D101K,2.439338254279398,0.17610725475057398
4B0M_Y275G_Y303A,2.902053399067973,2.2047523798393702
1R0R_E279D_R290M_L292F_N297S_G301S_E312D,1.0496067617575946,1.2981567082553702
2C5D_A126V_A507V,1.4007499704325383,0.758891797793455
1CHO_Y246H_Y255D_T265I_G267S_N271D_V277L,4.65621955762393,6.88686992829661
1AO7_T475A_R65A,3.920694641156199,2.42347109783079
1OHZ_S151A_T152A,-0.4076284941127967,0.079703094408071
1VFB_Y32A_I347A,3.5665706060512194,2.9070168304438995
4MNQ_K380A_H635W_P636E_E637F_Y638E,1.1374995684795972,4.942731992129152
3MZW_N587T_E611A,-0.5698056903298258,-0.338020433216137
1JTG_E143A_F404A,2.6275257274440045,2.5810452379167597
4UYQ_I159S_N160I_S195I_I196N,-1.9479152825172024,0.211312778089569
1BRS_H100Q_R57K,4.1623931840063015,6.91218240651969
1MLC_N32G_N92A,1.5896036498755954,-0.686960541384906
3SE3_Y328H_N329E_S332Q_R377A,3.7721594809543415,2.83635898018652
3S9D_T160A_L23A,3.54304698254862,5.961369902788402
2PCC_A380G_D34A,1.2532132717133793,-0.097801825577015
1CHO_L253M_T265S_G267D,3.4061521821001075,3.5814501184517997
1JTG_K336A_Y405A_E79A,3.188574740391126,1.0506681351884801
1JTG_K208A_S209A_S105A_R217A,1.8530017319176766,2.7885036473915
1PPF_L236M_L241V_K247I_E261K,1.7824249980982667,1.3923884381977099
1R0R_E279D_L287V_R290M_G301D_E312D,1.6978314432111998,4.6621625373953615
3S9D_I161A_R120A,4.89480256400322,5.00175788903975
1BRS_E71W_E182A,1.9110675135852015,3.5496550564876004
2VN5_S184A_T185F_S66A_S68A_S75A,0.8687699208122859,0.136922597552083
1JTG_K336A_Y405A,4.5847170297760265,3.0586443544322597
1PPF_E228D_R239M_E261D,0.6367095169528671,-0.7596147411214119
1FSS_T540V_T541N_R543K_H561R,1.3556352981042423,-0.3918468428539261
4MNQ_L382A_A478S_L479G_P480T_G482K,2.835655540731268,5.1024947073126
1PPF_L236M_Y238Q,2.380187690855393,5.83960792160807
1R0R_A284T_L287M,0.8634762645656062,0.25873423903528603
1A22_D287A_R291A_E293A,1.1749604625593302,0.3143717599743089
1DAN_T574A_V575A,2.0210737711785933,-0.149029143613838
1PPF_K231S_P232D_A233Y_L236G_E237I_R239K,4.0088035055906985,4.03130259288902
3SGB_K192R_A194R_T196K_L197R,7.64424305584067,5.5931536436819504
4JPK_D159N_D33N,0.8760584856783236,0.619245278276326
3S9D_A43Y_A44N_A47S,-2.930909305826205,-0.19081900801511292
3SE3_Y328H_N329E_S332Q_N364A,3.451396460646732,2.7721065505063303
1AO7_E63Q_K66A,1.5211559766887424,1.33163615656518
1KNE_K24A_A3K,1.1015887481128468,-0.257905054877893
1MQ8_C354F_T355C,0.5070226159529387,0.6766378706231091
3S9D_T160A_F20A,3.505912653048858,3.0214259820122797
1JTG_N75A_W424A,2.6730414752309186,2.10299213846649
1R0R_E279D_A284V_E288D_R290M_K298T_G301S_E312D_L317I,-0.07754757439452714,-0.17991724848401894
1BRS_E71Q_E182A,1.7559758088655644,3.5270108231310298
1R0R_A284D_G301A,0.8001175004557597,5.90349505218118
3S9D_M162V_R120A,4.485891742826959,6.066684490582019
1AO7_D409W_G411M_S434M_S477T,-1.6282416876613697,-1.0787051756672401
1BRS_R81Q_D143A,4.3379996232161835,9.60566444774039
1AO7_N435A_E166A,1.3181002742121446,3.1431562091785
3KUD_K195A_Y32C_C118S_N181R,1.9594135910976405,1.6597994123317301
2C5D_G768S_D823G,-1.2131644118880462,-0.529544173758367
1MLC_N92A_T242D_S271V_T272D_S91N,-1.8965122920361697,1.85056266278398
1A22_R64A_D160A,2.1327685590142154,3.3227505368785
2DVW_D37A_D69A,0.6577471076093782,0.191622229136803
3SGB_P193S_A194R_T196P_L197R,6.517484399110378,8.229696341581139
1MLC_N92A_S271V_T272D,-1.444977506375453,-2.39525988719862
2B2X_V238T_E252K_Q426S_Y450R,1.749742765314502,1.888900076233
1JRH_E225P_I227R,1.7273953665451158,-3.44163828848507
1BRS_R85A_E182A,4.907244551917254,6.866451251952361
1A4Y_R465A_Y434A_Y437A,6.28304279593578,8.53157170581524
1PPF_E228D_Y229H_A233V_T235S_R239M_N246S_G250S_N254D,3.2183172032314724,0.295370213452484
3SE3_Y328H_N329E_S332Q_Y360A,2.7234149861834567,3.12702950030846
1EMV_F169A_L31A,4.312125666381308,6.6799578315880295
1YCS_M37L_V107A_N143Y_N172D_F174L,0.2743162649002586,-0.188668544733004
2VN5_S184A_T185F_F159A_L187A,3.3346912003073594,4.96352191416366
4WND_R201E_N263R,2.1483387737933484,3.8573801666148197
5M2O_H117A_N120A,2.2702396959504183,2.3389820091923
1KNE_A3T_T54K,1.0804848398039415,-0.314371759974308
1CHO_E245D_A250V_E254D_R256M_K264T_G267S_E278D_L283I,3.8073603570688817,5.68169161917217
2B2X_V238T_E252K_Q426S_Y450N_G242I,1.9331969004140168,2.4078521329416605
1JTG_E85A_Y312A,2.7667479784589504,3.9671036028706803
1JTG_R217A_S209A_K208A_D311A,1.5352599941007,2.03242635362638
4G0N_V180A_I36A,1.5826361150345734,2.61378879630655
1BRS_K25A_D143A,3.5050510933755215,9.549197742643981
1PPF_K231T_P232E_A233Y_L236G_R239M_G250P_N254V,3.6489441411556114,1.7693502752064898
1HE8_K80V_R83A,4.5248497939200965,1.89784388181076
1AO7_D476A_Q72A,3.1332093215837613,1.06084295449889
1JTG_K336A_Y405A_R217A,4.450309020128127,4.3731374893451695
4K71_M416V_A418T_A545V,1.8102703830010232,2.8541906184525496
4Y61_F610A_H613A,2.846799747480936,0.28917425671126096
1KNE_A3K_T54L,0.9607527458001044,1.83445398474333
3S9D_D218A_S123A,1.5117749141349717,2.6789426125599904
1DAN_W436R_S438G,1.609386116217372,1.48160702294918
1GL1_K269M_A270G,0.12884692961215632,-0.132201839636592
2B2X_V238T_E252K_Q426S_Y450N_G288L,1.6525081665045236,3.7720232390336603
1CHO_L253S_R256V_L258I,4.432104090339781,7.22471510578487
1JTG_K208A_S105A_R217A,2.202934747270332,2.50942179961521
4G0N_F172W_V180E_N182R_V199I,0.3873198015490347,1.81873294335778
1MLC_N92A_T242D_S271V_T272D_G313D,-0.28433320653842475,-0.2036681302974369
2C5D_D823G_V828A,1.3168195864015522,-1.04037020304946
3SGB_A194G_T196M_L197M_Y199R_R200L_G211N_N212D_S230N_K234E,5.603273281677767,8.009046667650809
3SE3_Y328H_N329E_S332Q_V370A,2.2696789655361904,2.4881236045448705
1A22_Q301A_K302A_V306A,1.2690897169840345,-0.872229607327133
3HFM_D32N_K526M,2.0219321450697123,0.302639654149273
1JTG_K336A_S105A,3.912554166079018,3.17863025646213
1JTG_R217A_D311A,1.0993167789338458,1.1116823442381298
3HFM_Y311F_R450A,4.563897529059093,4.18384019433569
1CHO_L253M_S286N_H287R_K290Q,-0.12097616475279398,0.272369389808398
2P5E_T437Q_P438S_W439S_A628G_I629A_Q630G_T631I_L481T_L482S_D483G_T485S_L673V,3.0643398460638758,7.955882220196379
1A22_S237A_S241A,0.13064055017226114,-0.569589953177861
5XCO_D13C_D182A,2.7992540513405437,2.797382902798509
4G2V_R198E_N260R,0.7842788627978966,2.28445547424744
1KNE_A3T_T54L,0.7688036998162986,0.563407789425711
2G2U_W377A_Y408A,2.452218674215302,-0.409608761430082
1CHO_E245D_K248R_A250V_E254D_R256M_G267S_E278D_L283I_K290R,4.174507008029469,5.030045669319651
1BP3_F54H_S55T_E56S_I58L_P59A_S62E_N63D_R64K_E66Q_T67A_K70M_S71N_N72Q_L73K_E74D,0.3876131383021305,0.354189717055389
5UFQ_Q191R_K221G,0.6065994337050193,0.246358061375485
3SGB_K192T_P193E_A194Y,-2.4627225794633603,-3.85789978540306
1JTG_Y405A_Y80A,2.813854805137104,1.0754432565101
1KNE_D40K_T54I,0.4531156478030389,0.0
1BRS_R85A_Y137A,6.2459073870590585,8.05282479691539
3NGB_I377T_K399N_R401N_G402S_A404G_V405T_R409Q_P410K_V421T_Y422S_Y597S,4.3358300398274405,0.862530562870525
1AO7_A594M_G595S,-2.4363674053955173,-1.0448415599999
2VN5_S184A_T185F_A156S_L157T,1.3924060404352632,0.34823537564165197
1EMV_E30D_L31D_V32N_T36R_H37E_E40R_M41L_S46D_K55R_E56D_G57D_D58R_D59E_S63E_N67K_T68E_V69I_Q71E,5.332222541320371,7.99022287664907
1PPF_E228D_A233V_Y238D_R239M_K247I_G250H_N254Y_V260A_E261H_L268F,6.852722295176376,4.92367819886063
1R0R_E279D_A284V_T286S_R290M_V311A_E312D,0.053793298013659716,-1.1571053138145
1BRS_R85A_E186A,4.5179963739320055,6.126985849737131
1DQJ_N32A_K520A,4.868420354643337,5.80444602790622
1JTG_R217A_S105A,1.7323382883442096,1.8496946011140296
2B2X_V238T_E252D_Q426S_Y450N,1.4040173547602672,0.9209862793615772
2J0T_T163S_V165A_S229Y,2.644093022976426,2.1472479755195097
4L3E_N437A_E166A,0.6264779585235322,1.09168228564158
1JTG_E79K_D311A,2.749834378290136,5.6404363269107
1EMV_F169A_Y52A,3.530696053488397,8.72350715440383
1JTG_Q74A_W374A,2.48046279757192,3.53773661570781
1DAN_R517A_N518A_N519A,3.730916942257817,0.20658124822189997
3L5X_N417L_E418D_Y419S,-0.5326603276350865,-0.6806851562692819
1JRH_A229S_I231T_H235D,-0.2580623798559377,0.07070722331325799
1BRS_H100A_Y137A,5.727871571526997,6.30690309822114
3SGB_E189D_A194V_T196S_R200M_N207S_G211S_E222D_T228I,3.0874233026668825,3.00596876942991
3SGB_L197M_N215D_S230N,0.4319204736094179,1.0968642611311201
5CYK_E506R_E501D,-0.8869734379975949,-2.31531122980432
1CHO_L253M_N271D_S286N,0.0396282259206828,-0.482411586963259
3S9D_W214A_L124A,4.209910536640123,2.94437574818906
1DAN_D435A_K411A,1.4747490116496917,3.9962286560985
1VFB_W92A_L352A,3.0755646487922235,3.3088437004411
2DVW_E250A_E251A,2.157753958632876,0.038346004031157004
4G0N_F172W_N182R_V199I,0.26407259396623434,0.363234961206086
4FTV_S683G_A684G_Q685R,1.6177321365856936,3.65146808211133
5UFQ_D12G_Q191R_K221G,1.3760570785393171,1.5138851167537901
4UYP_N196I_S159I,1.3235678121651662,3.83729512507244
1CHO_E245D_T252L_R256M_G267D_N271S_E278D_T284S,4.099921612509867,9.222419945609039
1JTG_Y405A_K208A,3.2656816255343424,2.55666105622075
1CHO_E245D_A250V_E254D_R256M_G267S_E278D_L283I_K290R,4.322647870745527,5.52269882220461
1JTG_Q74A_K336A,4.621307412196918,4.10965155414619
4B0M_P364S_P365A,0.8215691534053101,2.0725505402027697
1LFD_Y18F_Y127F,0.72528178127638,2.60168731676837
1DAN_K542A_K543A,3.5935340618726013,-0.239737916348048
2DVW_R39A_K114A,3.8503663321710406,2.3625964261444903
1AHW_S612A_R613A,1.7782469795465596,4.01836016594081
1AHW_R617A_K618A,3.881301305707799,4.01836016594081
3SGB_E189D_A194V_T196S_R200M_N207S_G211S_V221A_E222D,2.3265114248469656,2.61966311657336
1CZ8_L222M_D28T_H31N_Y103W,0.4835494292295928,0.754171039877962
1PPF_L236M_H270R,0.3474035939459874,1.48174375841551
2B2X_V238T_E252K_Q426S,1.0272218322364808,0.9403850167626301
1FCC_T250A_Y251A,1.3162446768797589,1.95445082882611
1Z7X_W438A_S439A_E440A,2.433921529785507,1.97219961646413
2C5D_E795R_T813R,0.36147657175198417,6.113513795572652
3SGB_E189D_K192M_L197M_L202V,0.8080754728736409,0.077453729026285
1JTG_K336A_Y405A_E79A_Y80A,2.9558910801039415,1.76795663223416
1REW_D42A_D145A,0.3891346742206832,-0.051953943202452016
1FSS_T540V_T541I,0.7181192152788871,0.44184530648712106
1CZ8_L222M_D28T_H31N_Y101H_T105S,1.697798064143835,1.7956174502783102
2J0T_T163S_V165A,1.8886137777587233,1.25019999667573
1JTG_F404A_Y405A_K208A,3.8560157092626217,4.681932544150411
2G2U_D79A_E338M_K339A,-0.4557592798012267,-1.5569682527853999
3SE3_Y328H_N329E_S332Q_D342A,2.4438086617940846,2.38129055718337
1JTG_S209A_S105A_K208A_D311A,1.1337532606697716,0.6092560912517889
2WPT_N31V_R35T,-0.7843732691899044,-2.58829321168417
3S9D_I217A_L8A,3.236520725254336,3.74047406450271
4JFE_A383I_G380A,-1.2435239256467236,0.08859037242431697
1DQJ_Y267A_W487A,2.85036625907367,2.20021708577171
2WPT_E14Q_F15L_K17T_K18T_R21N_E23D_G24T_A25S_T26S_D29E_D30L_N31V_R35T_E36H_R39E_L40M,-6.7075516301257165,-8.57586676381321
4RS1_N221A_S222A_K223A_R224A,1.5341145091524444,-0.04638949415675799
2WPT_N31V_R35T_R39E,-0.9913243671305212,-3.23296449909629
2B2X_V238T_E252K_Q426S_Y450N_S223A,1.9372922006376698,2.6170702053119905
3KUD_K195A_Y32C_C118S,2.3631088383853687,2.8970349533179105
1DVF_N163A_N385A,1.5622398958255823,2.30212330467839
1BP3_K168A_F172A,2.9487473840497636,5.35487139874425
1JTG_K336A_F404A,5.33918190713086,4.85237035866309
4UYP_I195S_N196I_S159I_I160N,2.245282947571324,-0.211312778089569
3SGB_E189D_Y190H_A194V_T196S_R200M_N207S_G211S_N215D,4.006364880528713,4.01103351627622
1PPF_E228G_L236M_R239M_E261D_K273E,1.4048479123312718,-0.010937885753474
1R0R_E279D_A284V_T286S_R290M_N297S_G301N_N305D_S320G,2.041462352112302,0.485342754649341
3SGB_E189G_L197M_R200M_E222D_K234E,0.8569024463749516,0.18353120893473604
1BRS_R85A_W146F,5.714122659975447,7.04098909655672
2WPT_E14Q_F15L_K17T_K18T_R21N_E23D_G24T_A25S_T26S_D29E_D30L_N31V_R35T_E36H_R39E_L40M_D45S_R54K_D55E_D56G_R57D_E58D_E62S_K66N_E67T_I68V_E70Q,-6.3412105987944685,-8.05849423715329
1BP3_E56D_R64M,1.067271410938837,0.445516593115089
1JRH_E225P_I227L,1.7693952496189171,-3.4583281804279
2B2X_V238T_E252K_Q426S_Y450N_T221N,2.2717591342312757,3.7720232390336603
1GUA_V181A_E37A,2.223962763298145,1.7006743759086105
4K71_M416V_G503E_A545V,2.336030956406896,2.92768585624623
1A22_E318A_K320A_K322A_D325A,-0.4232348447136284,0.120232705609252
1LFD_Y18F_S126A,0.529051151975914,0.800813748841994
5XCO_D13G_Y178A,2.49658987513174,2.7415083536571903
4JFE_A383I_T385A,0.3532398936630685,0.104822949034715
1CHO_E245D_A250V_T252S_R256M_V277A_E278D,3.7575348529082118,5.248260878693071
1MLC_N92A_T242D_S271V_T272D_E249S,1.1926501428373806,1.90702936788039
1AO7_D409W_R410F_S434M_S477T_V381R,-1.8775449948777032,-1.3930769356415502
1AO7_D409W_G411T_S434M_S477T,-1.5644650874812138,-1.2376387066933001
1CHO_L253M_S286N,0.2715579411835258,0.380623186013228
3SGB_T196R_L197R,4.654611180986448,5.55207616703396
1MHP_T234V_K248E,1.43241041418853,-0.361201064964934
4G0N_R178A_V45A,2.0899538190929308,1.7429594326041102
1AO7_T474A_Y379A,2.838415845226788,3.03098186633327
1LFD_K35A_S126A,1.1261285641005716,-0.099673435057971
1R0R_A284D_L287A_Y289D,5.445895233567778,8.94481337708925
1VFB_D207A_S247A,2.2429022099653704,3.37126474695126
1PPF_E228D_A233V_T235S_R239M_N246S_G250S_E261D,1.10780766443352,2.08749683881747
4UYQ_L164Y_L200Y_S195I_I196N,1.7777236216485934,0.451531385728689
1PPF_E228D_R239M_K247Q_G250S_N254S_E261D,1.4669392799787029,-0.4486997610373321
1BRS_E71W_D147A,7.303261389671173,6.6652395392509405
1JTG_K336A_F404A_Y405A_E79A_Y80A,2.5282151175226004,2.4127271107591297
1AHW_T538A_K539A,1.1478838056647769,0.639142923965887
5XCO_D13C_V184A,1.992978257926546,0.8599647209052679
1VFB_W92A_R348A,5.9477329178615035,3.39480898349444
4JFE_A383I_G382A,-0.8417638981983493,0.165640606247544
1KNE_A3L_T54F,0.7883050251134807,0.25172289112574203
1HE8_K80V_K108A,1.7100082825261564,2.16224756108394
3SGB_A194D_G211A,3.641533261864373,1.0810646052442199
1CHO_E245D_T252R_L253M_R256M_E278D,3.3131040753105627,6.53194697849447
1REW_Y92A_Y195A,2.827190018480168,1.21527937451258
1A4Y_R465A_Y434A,4.418466602665073,6.97978906148605
2C5D_T813R_T1005R,1.8184549229010167,2.3390202451783297
3SGB_E189D_L197M_R200M_E222D,1.2246400274718268,0.47637804535305
1JTG_D425K_D397K_V396K,-2.683834978934605,-3.0551669379673303
2QJB_H218G_E222D_T237A_M238I,0.4831804992110102,-0.885078844816444
2QJ9_A250T_M254L_K255G_Y256L_G218H_D222E_A237T_I238M,1.8355428701064709,0.42287235975852505
1LFD_N14A_E124A,2.182587845465516,1.9196248967153
4YFD_E207G_L208S_R209S_E210G,-1.4528906493098823,-0.035917177459094
2G2U_E338M_S395K_F407W_Y408F,-1.7554661534625349,-2.01642553576973
3SGB_L197M_S230N,0.510726746248592,0.4537338119964841
3S9D_I161A_S123A,1.9385186550258848,3.00679679469921
2C5D_Q790R_Q982R,3.6563908463861936,0.091326876059702
1AO7_K449A_E166A,2.919085574667648,3.03376333615468
1A22_S57T_T60A_S62T_N63G_R64K_E65D_T67A_K70R_N72D_L73V,2.202656547710577,1.6805893343662301
4RS1_E25K_D28K,0.7924183513144414,4.12290213228885
3SGB_E189D_A194V_T196S_R200M_N207S_G211S_E222D,2.6531971998935955,3.204720257537049
4RA0_S392G_A452V_R487G,1.0022360118166618,0.9792775247723821
1JTG_N75A_D311A,1.107341889035768,1.57684855274039
4G0N_V180A_I21A,3.314155546987465,1.55136036919817
1KNE_D40I_T54I,1.2890351552882091,0.614957852331829
3SE3_Y328A_N329A_S332A,1.5705459898591667,0.7697627813974871
3MZW_N587T_D600K,0.5996550276538637,1.21894781956926
1AO7_G411T_A594M_G595S_G596A,-2.751995943097679,-3.86177414460821
2PCC_K371A_E290A,2.541419309754137,1.1021774043131498
1C1Y_K31E_E30D,-0.00535385380546966,-2.01504613588292
1CHO_T252P_L253K_E254D_L258V_S286N_H287R,7.2578081588313825,7.001898044208679
5E9D_G401R_T464Q_V533E_A582D,-0.8487891611979459,-3.12616523759684
1AO7_D409W_R410F_G411T_S434M_S477T,-2.6165126873953417,-1.28506016763902
1A4Y_K500G_Y434F,4.312743176751603,6.665417301511741
1BP3_Q22N_F25S_D26E_Q29S_E30Q_E33K,-0.3905351720670823,1.61034405514485
1KNE_A3L_T54L,0.6322267023577017,0.25172289112574203
2G2U_E338M_S395K_F407W_Y408F_S411M,-2.157133556121668,-2.9318337283845097
1JTG_Q74A_H410A,2.1516134778825537,3.2014196808459503
1R0R_L287M_H321R,0.13217018151951965,-0.317604793829586
3S9D_I217A_L23A,2.1707866671996183,5.44953199966679
1BRS_E71A_D143A,4.183897992112815,6.440232344446759
1DAN_D452A_E453A,2.797279593591293,0.30456008365495196
1JTG_K336A_E79A_Y80A,3.64021975722626,1.3861162809795502
2CCL_A197S_A198T,-0.9529557556215116,-0.079703094408071
3SGB_A194R_T196K_L197R,6.761909623926617,6.78023543975592
1CHO_E245D_Y246H_A250V_T252S_R256M_N263S_G267S_N271D,5.205046577144243,4.871823792413691
1REW_F38A_F141A,2.416811728743082,1.3641711060919899
1AO7_G411L_S477T,-1.5333643912772796,-1.0286089833895
1JTG_R217A_S209A_S105A_D311A,1.7728345864296522,0.894265692620827
3HFM_Y265A_R450A,5.513913218458753,6.3693241447313
1AO7_E63Q_Q413V,2.0346627615896593,-0.006822938945086
1JTG_G212S_F404A,1.0667410716023051,3.68185689612419
4MYW_T263A_Q264A_E325A_N333A,0.9601277330989164,-0.529819957300527
1MQ8_C216L_C354F_K215C_T355C,2.561196092615364,2.96856081982312
1A22_Q46H_N47D_P48S_Q49E_L52F,-0.5614883384496829,1.18200118575428
1CHO_A250V_T252S,2.339329682366092,3.6101017313127297
1LFD_K19A_Q112A,4.248651448665023,2.50126619105865
1CHO_E245D_A250V_T252S_R256M_N263S_G267S_V277A_E278D,4.786819174500544,4.98685190832576
1OHZ_S151L_T152L_S185Q,2.590112780107864,3.00679679469921
1WQJ_R115A_R116A,-0.5088740594340722,1.02851135597167
5M2O_N71A_H117A,4.912652070375219,2.28681819715458
5E9D_G401E_V533D,-2.00141735562077,-1.2024459777736205
1KNE_A3L_T54K,-1.0354878408651065,-0.15893353102606
1VFB_Y50A_D342A,3.9743118873936814,1.23196926645541
4FTV_M682A_Q685E,2.7518647962917298,0.5062000561104261
1R0R_T286R_L287R,2.030988705732042,6.50648377048568
1CHO_E245G_K248Q_T252S_R256V_L258F_G267S_N271D_V277A_E278D,2.8357070689546338,1.6365404959003895
1BRS_R81Q_E182A,5.299459730043604,6.72107556620468
4RS1_E25K_D92K,1.8556601753717497,4.12290213228885
1BRS_R57A_T150A,4.618347231258122,6.820855530459991
1DAN_K530A_D531A,3.173951050813619,-0.10151254786522802
1LFD_M17K_D81K,0.9562071808661586,-0.40145508473614
4MNQ_I634V_H635G_P636A_E637G_Y638I,2.6082615368871207,1.5196093350402502
1DQJ_Y267A_L499A,2.283575505892357,1.21740667296961
1PPF_K231S_P232D_A233Y,-0.33889712992487675,-0.12497672589981301
1VFB_D161A_T341A,1.9720191619730647,1.2552056557670601
3S9D_A43H_A44E_A47Q,-0.9090160096366796,-0.017426314640193
1BRS_K25A_E186A,3.6761307726148686,5.5131511294644
1HE8_K80V_T89D,1.6307038718720481,2.16224756108394
1DQJ_D246A_K521A,3.9046941345225568,1.12288597794209
4K71_A418T_G503E_A545V,0.7981147661077759,3.1290412237481804
2VN5_S184A_T185F_S66A,-0.18516284772671854,-0.08797912451479699
5XCO_D13C_I179A,1.7978947490814658,2.797382902798509
3SGB_T196M_L197S_G211V,4.208440001061765,6.90981354297289
4FTV_M682A_A684G_Q685R,2.59814726496031,3.61943584961404
2NY7_C27I_C226Q,1.5384493462125761,0.19980849460294797
1CHO_A250D_G267A_N268S,0.9156223759282353,-0.030033236138573
1JTG_K336A_F404A_Y405A_K208A,4.168174975630547,5.472614806641951
3S9D_E193A_R120A,3.389729378775893,3.632457296500181
4YFD_E207Q_R209E_E210Q,1.0406882350925974,0.17261195267276402
3MZW_N587T_S597K,-0.013525385843830926,-0.215004079649171
1CZ8_L222M_H31N_Y101H_T105S,2.0333941499548116,1.5754838841815701
1JTG_M104A_S375A_S333A,1.3001869284002143,1.67274274455454
3BE1_D824N_P826A_R827K_S828T_T893S_T894S,0.5177765540844279,-0.6750601014249821
1REW_H28D_L89A_H131D_L192A,2.1119019265617784,0.118726232526024
4K71_G503E_A545V,0.2491598602920201,2.8493804270726697
1LFD_H40A_V116A,1.8582789671403288,1.9196248967153
1CHO_E245G_L253M_Y255S_L258I_K264T_G267S_H287Y_F288P_K290V,1.5352845270292097,2.7943566100206203
4K71_M416V_A418T_G503E_A545V,2.42931444321312,3.4591504595102696
1BRS_E71Q_D147A,4.301868108468921,7.207326880977732
3S9D_H192A_L124A,1.8565264833675617,2.9394179620712597
1R0R_E279D_L287F_R290M_E312D,1.0883856532745448,1.13592163248021
2B2X_V238T_E252K_Q426S_Y450N_G241S,1.8977231770152163,1.7195769412283501
1DQJ_Y267A_W486A,1.7404261038668332,1.28688403357533
1R0R_L287M_T318N_K324T,0.3692069116184343,-0.8384865680281199
1CHO_L253M_Y255H_K264Q_G267D,0.7973291571207387,4.23321404861015
4G0N_T35A_N182R,0.7981776253928642,2.09982651457379
2C5D_G768S_D823G_G863R,1.0217048204469583,-0.5519035059390911
1R0R_E279G_L287M_Y289S_L292I_K298T_G301S_H321Y_F322P_K324V,2.1509970574525745,3.3453536263075696
1KNE_A3T_T54F,0.2208782879087621,0.7853956668445091
3SE3_Y328A_N329E_S332Q,2.328785266758308,1.85762976825638
3SGB_L197M_T209S_G211D,3.0843478467072885,2.3268814599761902
1R0R_E279D_A284V_T286S_R290M_N297S_G301S_N305D_E312D_T318N,1.017196944464122,0.073797432130116
1AO7_Q413V_Y159A,3.2178383907210564,3.33027595467879
4OFY_Q34A_F40A,3.2817496910628585,4.1407067037397
4JFD_A380G_G382A,1.030341353892145,0.07705023382322701
4RS1_R152A_E153A_H157A,3.2768143878834493,-0.546588297092166
3VR6_V2146A_V2597A_V3052A_R3253A_R3254A,3.5078523181251002,1.13131224506917
1JTG_N75A_W374A,2.044022547965271,2.7952178058732997
3S9D_T160A_M119A,4.1317706792508595,4.4639850832293
2VN5_S184A_T185F_K127G,1.4267970267023076,0.5062000561104261
5XCO_D13C_P176A,1.6465228276565596,2.4099628699583597
1A22_R296A_D299A_K302A,1.0170693502288888,-0.062421046510149
1KNE_A3L_T54I,1.2478862620286797,0.06589584816464
1DAN_N576A_R577A,0.7665894845754202,0.399981322822573
3L5X_N417D_E418Y_Y419A,-1.0180745927813721,-0.807335609266804
5XCO_D13C_L177A,2.7036835364833824,2.797382902798509
1MHP_L244D_K248Q,1.8698136752684584,0.04300859081461498
1AO7_R410F_G411T_S434M_S477T,-0.432415355211526,-1.6043897137311205
4MNQ_L382A_H635W_P636E_E637F_Y638E_A478S_L479G_P480T_G482K,3.7068395869339295,5.42629561035514
1KNE_D40K_T54F,0.2134762477482849,-0.035917177459095
3S9D_D218A_R115A,2.8440355555439747,3.67230101180321
4UYP_A162F_A198F_S159I_I160N,1.18852456468538,4.68096730155676
4YH7_E207Q_R209E_E210Q,0.9640501444506224,0.038235974876091004
1VFB_W92A_I347A,3.300262874258375,3.8520576824345696
1Z7X_Y434A_Y437A,3.496175417223114,7.24099138658313
1A22_P48A_T50A_S51A_L52F,0.7782071078692349,0.6024847182879239
1JTG_K336A_F404A_R217A,5.133800374514416,5.4963160464943215
4RA0_S392G_G447D_A452V,1.0573412373006323,1.4648281274782402
3S9D_E193A_L124A,4.439468132895294,3.7697886225843398
1YCS_M37L_V107A_N143Y_N172D_V47A,0.8854415235086777,0.142876938965819
1LFD_M17K_D45K,0.5943797916350454,-0.20182166224614492
3S9D_I217A_S123A,2.2625067688919143,3.2568082200692796
4RS1_L251A_T252A_S253A,2.5157394790738707,-0.21593438915791602
1HE8_K80V_K91A,2.3694633559524885,1.52310463711806
1CHO_D242N_E245G_L253M_R256M_E278D_K290E,1.672810463527136,1.9137491221546101
1JTG_P82A_Y315A,2.458433891253431,2.38898268770154
3SGB_L197M_H231R_K234E,0.04669374582660083,-0.11668532533877
3SGB_E189D_K192R_A194D_R200M_E222D,2.8991375593817668,-0.28846809385414
3L5X_N417D_E418W_Y419E,-0.3210882872396729,-1.1968846393485901
2G2U_E338M_F407A,0.847163077370162,0.322066049727485
1MLC_N92A_T242D_S271V_T272D_S91N_S93A,-0.4951121603402254,-1.61116066724347
5XCO_D13G_I179A,1.14906933137289,2.797382902798509
2B2X_V238T_E252K_Q426S_Y450N_R219Q,1.8378122733545403,2.3515944916539504
1R0R_K282T_P283E_A284Y_L287G_R290M_G301P_N305V,2.1232278577210386,2.4168139022247597
3S9D_I161A_A116G,2.0833921596882887,4.4740268826759415
4RA0_A452V_R487G,0.548895290281866,0.953514683940195
1MAH_Y121Q_W276R,3.1641638229768043,8.9594544183021
1CZ8_L222M_D28T_H31N_Y101H,0.7989863204317486,1.40504606966889
1PPF_E228D_A233V_T235P_E237D_R239M_N246S_G250S_N263S_S269R,3.615538878712683,3.3328985771545803
4RA0_S392G_G447D_A452V_R487G,1.9590657620184213,1.4830588576985602
4L3E_Y411D_W679L,2.007016216421271,3.5434513141087995
1JTG_V78A_R422A,2.4523869524788617,4.34946781746849
3BDY_D244N_P246A_R247K_S248T_T313S_T314S_K31S_D32G_T55S_N56E_G101V_D103V_R51A_R60A,-0.1403529961542277,-2.7283422121839904
1AO7_G411T_A594M_G595S_G596A_R597Q,-3.619713631799451,-3.96598091887729
5E9D_G401E_T464Q,-1.3619606824459904,-1.55068135341528
2C5D_E795R_E987R,3.6510838294831514,1.65484162621393
1A4Y_Y434A_Y437A,3.736800688400007,6.6453322599693605
2B2X_V238T_E252K_Q426S_Y450N_S489R_N428E,2.7454577511300995,3.7720232390336603
1BRS_R85A_T150A,5.71218585989816,7.02019917452222
1YQV_R494K_T466S_I481V_S517T,0.5741910666759563,5.373005599109581
3HFM_W98A_K525A,4.899348653531782,7.7334952508232915
1CHO_T252M_L253S_G267V,3.960460669731468,8.98803835054205
1PPF_L236M_T248S_G250D,2.5715419963679857,4.17657075363891
1LFD_N16A_R128A,1.9981966032852987,1.4007435672175699
3SGB_A194D_L197A,2.8920634577818864,2.61966311657336
3L5X_N417E_E418S_Y419G,-0.40074991044515695,-1.2659253299631101
1A22_N12R_M14V_L15V_R16L_R19Y_F25S_D26E_Q29S_E30Q_E33K,0.3322431229045765,1.39803472175934
2B2X_V238T_E252K_Q426S_Y450N_G242T,1.7752090438015702,2.20836907201004
1BJ1_T28D_N31H_Y54W_H101Y_S105T,-0.21095465074276945,-1.2040370640497902
1R0R_L287I_G301D,1.8485882482698839,5.3034587160089
1R0R_E279D_K282Q_A284V_T286M_L287G_E288D_R290M_N297S_G301S_E312D_S320N,1.6537637757866823,3.1058458189741702
3S9D_I217A_F20A,3.007362524823214,2.8162739386441498
1MHP_N432Y_S493I,2.731616736067474,0.43456262723152506
3SGB_K192S_P193D_A194Y_L197G_E198I_R200K,3.735416456498809,0.095614846409429
3KUD_K195A_F171W,0.8811683035254044,2.16779750315683
2G2U_E338M_S395K,-0.5866532536781346,-2.80942470647887
5XCO_D13G_S180A,2.0663061416504047,2.7914285613847705
3S9D_W214A_R5A,5.09954584114613,2.34092217934385
3VR6_R2108E_R2559E_R3014E,1.0397221314901852,0.287640068584837
5XCO_D13G_V184A,1.25187609243678,1.32282046847611
4RS1_Y306A_Y311A,3.5870158681790203,0.7209311898680559
4E6K_L68A_L225A,1.96308263470486,2.66989736840929
3MZW_N587T_N607E_A618S,-0.33735431952964745,0.13733132608416002
2B2X_V238T_E252K_Q426S_Y450N_H429W,1.272117305485167,2.2995564983847996
1B2U_A27K_A146D,-1.4941469236304483,-9.549197742643981
2WPT_E14Q_F15L_K17T_K18T_R21N_E23D_G24T_A25S_T26S_D29E_D30L_N31V_R35T_E36H_R39E_L40M_D45S_R54K_D55E_D56G_R57D_E58D,-6.698864801264198,-7.97938329870031
3QDG_D411Y_L679W,-1.0514693714934122,-3.5434513141087995
1R0R_E279D_A284V_T286S_R290M_N297S_G301S_N305D_V310F_E312D_T318S,1.810794637919404,0.037101371304776996
2B2X_V238T_E252K_Q426S_Y450N_N428W,1.9753164523494056,2.6170702053119905
3L5X_H416Q_N417D_E418I_Y419G,-0.2755371549232686,-1.55107435640398
1MQ8_C216L_K215C,0.45622520317559,0.610000066214036
1Z7X_Q430A_V432A,0.6734017787244339,0.9395739940709548
1JTG_K336A_F404A_Y405A_Y80A,4.105933149499415,4.22941620061589
4L3E_R65A_Y632A,3.6942575405387137,3.8093000597049302
1R0R_L287M_Y289Q,2.7152944707707865,3.6401176698356803
3BP8_F115A_A432F,2.1733160105220395,-0.774552233380392
1PPF_E228D_A233V_Y238E_R239M_E261D,2.87041956036407,6.527771760631701
4UYQ_I159S_I196N,1.3609602317200178,2.1854839503956
2PCC_K386A_V197A,1.9505319332260291,1.5015024321761599
1BRS_R57A_E182A,3.8264823739244114,4.97029286767601
2B2X_V238T_E252Q_Q426S_Y450N,1.4773997105465428,0.888382181970702
1PPF_A233D_G250A,1.8360230818788463,1.1590190627238601
1JTG_E79A_S375A_S333A,2.5495589341479645,2.5810452379167597
1MLC_N92A_T242D_S271V_T272D_R312M_D314Q,0.3114635355941036,-0.410656422151803
1LFD_Y18F_R128A,2.2469423013915475,1.79918405176265
1A22_S237A_S241A_E259A_K260A,0.19437850725831451,-0.895465996638789
1JTG_S209A_S105A_D311A,1.3677143353702357,1.09415688938724
1R0R_E279D_A284V_E288D_R290M_G301S_E312D_L317I_K324R,0.4070199013388687,-0.24021860763912198
1CHO_N263S_G267A,0.5845617100170166,-0.86090196476316
3KUD_K195A_F171W_N181R_V198I,1.1716715286011343,1.9539144304338798
1JTG_K336A_R217A,4.294754541897493,6.6202685449472
1R0R_A284R_T286K_L287R,4.644557985612336,9.314399593527073
5E9D_G401E_A582Y,-0.4739972323683926,-1.31046274577616
1CHO_Y246H_E254D_L258I_N263S_G267S_N271D_V277M_E278D,3.4606323870091407,0.14070073033416
1CHO_E245D_K248R_A250D_R256M_E278D,2.3794534506342058,2.42080155917359
1A22_R156K_D160H_I168V_Q170K,1.8450448934846704,1.9539144304338798
1N8Z_N30S_H91F_Y92W,-0.29748225201275913,-0.071900480481487
1CHO_K248S_P249D_A250Y_L253G_E254I_R256K,1.9533592045285888,7.27010386140291
3SE3_Y328H_N329E_S332Q_T357A,2.0701963007558004,2.6832202627950297
1CHO_A250G_T252M_L253M_Y255R_R256L_G267N_N268D_S286N_K290E,4.727051685153084,9.2045557183288
2NY7_K66C_E102C_C27I_C226Q,1.9760598967806544,0.040874963576888
1DAN_K437A_K439A,2.532652070922284,1.1358543045656295
3S9D_H192A_R5A,3.2515648950238174,2.21438977994515
1JTG_E335M_K336A,4.1544585984413205,4.2944959510390195
3S9D_I217A_R120A,4.290167483352648,4.90846995547588
1R0R_T286K_L287R,2.3370255188546625,5.25951491846584
1HE8_K80V_E606A,1.4620629535445713,0.454561837265787
1CHO_E245D_R256M_K264Q_G267S_N271S_E278D,1.8985874505954932,1.30499501220157
1DVF_N163A_Q434A,1.238752040755983,1.487530214649
1JTG_K208A_S105A_D311A,1.5072926757173015,1.3181935941519298
3S9D_I161A_L124A,3.666424309584943,3.56138716231263
3SGB_K192S_P193D_A194Y,-1.3385964008481002,-4.13770751350173
1PPF_A233T_L236M,1.6144244734344182,-1.49277140282134
2KSO_K10E_E92K,-0.5649945623584259,0.64323038199879
1AO7_A594M_G595S_G596A,-2.935409852584263,-3.5496550564876004
3S9D_M162V_R115A,5.08981604448905,3.70509328543585
3SE3_Y328H_N329E_S332Q_Y356A,2.0811755367994764,2.92343887043415
1JTG_D311A_K208A,1.5545104916630803,1.6006518339267701
1BRS_H100Q_R57A,5.663638398031199,9.30897913500486
4UYQ_S195I_I196N,1.1496618738524365,-0.043905415113986004
1PPF_E228D_T235L_R239M_G250D_N254S_E261D_T267S,3.749031627213552,4.37232104637467
3VR6_L2147A_L2598A_L3053A,2.4362987220803296,1.1367726706696
1A22_E259A_K260A,0.939273012113194,-0.344760573987161
1A22_Q22N_F25S_D26E_Q29S_E30Q_E33K,-0.05107434400801792,-0.094238193877565
1BJ1_L72I_T74K,0.516550216631252,0.07655174663879201
1JTG_E143A_K336A,2.3377582651094686,4.06192836058191
3S9D_T160A_R115A,3.60719006981505,4.04824320509955
2B2X_V238T_E252N_Q426S_Y450N,0.8694649219087867,0.9711056437126079
1LFD_R7A_E124A,2.6811321941649084,2.01667599106145
1PPF_E228D_A233V_T235S_Y238D_R239M_N246S_G250S_E261D,2.926625720916624,7.481286444571888
4L3E_Y411A_R65A,4.440547931524446,4.3709679007912
1PPF_E228D_A233V_T235S_R239M_N246S_G250S_N254D_E261D,1.2171805826001558,-0.02962877287751
1JTG_S105A_D311A,0.3583683992806541,1.38463191306003
1N8Z_N30S_H91F_Y92W_T94S_D316W_Y319F_Y323V,0.9967323912834768,0.048722124440124
2B2X_V238T_E252K_Q426S_Y450N_G242Y,1.9422470547388728,1.0436810268496701
2VN5_S184A_T185F_T35A_N37A_Y39A,2.9588762004903435,3.6477144139025097
1LFD_N16A_S126A,1.0973500915192034,0.0
1BP3_P48A_T50A_S51A_L52F,0.4727167620892,0.246172949052857
1BP3_K164A_E170A,2.697927345628924,5.4079622999278625
1BRS_H100A_E186A,3.6703612800410497,6.745120395919808
2VN5_S184A_T185F_T35A_N37A_Y39A_N81A,2.7530265763738724,5.046028002216191
2C5D_G768S_V828A,1.2541089507296288,-0.8469958989955101
1PPF_A233V_T235S,1.4496647287295792,1.76572670437696
1AO7_R590A_Y379F,2.9444890916739395,0.605980020365735
3L5X_N417D_E418N_Y419S,-0.0509708279088142,-0.5342775037326339
2VN5_A156S_L157T,1.2314790815838548,1.2761919815772
4UYQ_D167Q_D203Q_S195I_I196N,2.26844819292816,4.68409370450451
1DAN_T451A_F521A,2.665898709501894,4.32508727812298
1MQ8_C216L_C354F_K342C_K349C,1.0160056299380509,-1.7748275282438002
1R0R_A284R_L287R,2.980127479630158,7.75217840717003
1CHO_E245D_Y246H_T252L_L253Q_Y255Q_R256K_L258I_G267D_N271S_E278D,9.608788508836042,11.0540695790701
1CHO_E245D_A250V_T252P_E254D_R256M_N263S_G267S_N280S_S286R,5.014983346874739,7.33368055610981
1JTG_V190A_Y312A,2.360445487658457,-0.885530667132908
3HFM_D32N_K526A,1.6730656528675385,4.89374112103722
3SGB_N207S_G211A,0.890484688027153,1.33011276503794
1JTG_R217A_S209A_K208A,2.5353819654944947,2.7169569752118097
1AHW_K582A_K583A,1.783845933987711,-1.33030749042465
3HFM_D32A_K526M,1.1637716439974484,1.12395249845288
1JTG_R217A_K208A_D311A,2.4110489899120244,1.9044213578709999
4G0N_Y32C_C116S,0.9798196061837682,0.735655408481797
2B2X_V238T_E252K_Q426S_Y450N_Y246Q,2.2288220075541383,3.12045079658569
4G0N_T179A_I21A,2.5741868645697568,2.12975550331839
4JFE_A383I_L384A,0.6286498517767608,-0.23073917366778304
1BRS_R57A_E186A,1.5101331559857252,5.20146623116443
1JTG_F404A_Y80A,3.375053583748709,0.694366287611741
1JRH_S224G_E225P_I227K,1.0449637707267216,-3.88615832630421
4GNK_L1101A_D279A_P281D,0.15296839855105576,-1.72327746533768
3MZW_N570E_N587T_A606S_A610S_A618S,0.5219684967046813,0.281665712239468
1JTG_Q74A_R422A,2.169275707385214,3.7509472661638097
3S9D_W214A_L8A,4.015327824518599,3.07657758782565
3SGB_A194R_T196K_L197R_R200L,6.256029623440694,6.9823030057832005
4G0N_K195A_E37A,2.8712038010703216,3.3875307780790402
1HE8_K80V_E124K,1.6500013252000942,-0.098971523851835
1CHO_E245G_L253M_R256M_E278D,2.4631005870557465,2.69830897604542
4K71_M416V_A418T_G503R,1.5132082397419309,2.7775838035436298
3SGB_E189D_L197F_R200M_E222D,0.5348708343279623,0.779313851462375
3SGB_K192R_P193F_A194R_T196K_L197R,5.3334341112427825,5.7360305826477695
2C5D_G768S_V828A_G863R,1.2387749832804165,-0.796697055105138
3HFM_Y265A_K526A,4.722640649156124,7.32283882867149
4MNQ_H635W_P636E_E637F_Y638E,0.7718420260385775,0.259645003217335
2C5D_G768S_G863R,1.783438559702747,0.034860170963286
1R0R_A284D_L287A,2.1910779099226723,5.5304818564981
1AO7_K449A_T163A,2.0029476748799766,0.9781012818408922
1R0R_L287M_S320N,0.7673943733795197,-0.497299858930633
4JFD_A380G_L384A,2.0587027856640665,-0.31932954609209996
1CHO_P249S_A250L_T252K_L253R,8.069243028913219,7.29760144417863
2C5D_T944E_T1136E,0.1583778241595707,0.742201905850626
1A22_N12R_M14V_L15V_R16L_R19Y,1.8486654707606425,1.6805893343662301
1BRS_E71W_D143A,3.9214665274684073,5.712494773526631
1JTG_N75A_H410A,2.160571707233722,2.10299213846649
2G2U_Y315A_Y408A,1.7285825482617694,-2.0757221090143
2OOB_A6S_K7E_A9E_G13S,2.4635042665133717,3.10336032343104
1AO7_R410A_R170A,3.9136663911938214,1.18650817784254
4G0N_V199A_I21A,1.2185384907458383,0.290700671117321
3S9D_R120A_E193A,3.389729378775893,3.6024737536766405
1AO7_S414A_Y379F,0.38528921208701705,-0.040545732124266
1HE8_K80V_E606K,1.0592761055021926,-0.45807788309752
1CHO_L253M_L258V_K264I_E278K,1.014894533769675,1.03739330905706
4G0N_T179A_I36A,2.0998456236598213,3.0006708070267005
1REW_D19A_A23D_D122A_A126D,1.9565151677273327,0.47617815901898497
1JRH_A265D_K268R_E270K,3.8428736918527435,-0.047769246094388006
3SGB_E189D_T196R_L197M_R200M_E222D,3.2905730270887052,2.38340741323344
1REW_D19A_D122A,1.8134395616769223,0.6680910488560771
3SGB_E189G_K192Q_P193S_T196P_L197Q_E198D_R200V_L202F_G211S_V221A_E222D,2.2249510850563063,4.23325870672993
2G2U_D79A_E338M,0.5212679795766221,-2.1472479755195097
1MQ8_C216L_C354F,1.0343281904167865,3.68185689612419
3L5X_N417D_E418R_Y419D,1.0847070498728657,-0.5227732202460129
2B2X_V238T_E252K_Q426S_Y450N_N428Y_S489I,2.6810651895201376,1.4782436540811899
1JTG_K336A_F404A_K208A,4.894212568080309,5.83084117763264
3KUD_K195A_F171W_R177L_V179E_N181R_K194R_V198I,1.5906605875551685,4.20631015147869
3SGB_A194R_T196K_L197R_E198S,5.779214871330421,7.19470185564117
1R0R_Y280H_E288D_L292I_N297S_G301S_N305D_V311M_E312D,2.2185124515301005,0.781731915424825
1R0R_L287M_L292V_K298I_E312K,0.3219589914239019,-0.8384865680281199
1CHO_K248T_P249E_A250Y,-0.9064715225591276,-0.9422295430429972
2QJB_T250A_L254M_G255K_L256Y_H218G_E222D_T237A_M238I,1.5135217886952659,-0.42287235975852505
2B2X_V238T_Q426S_Y450N,0.3688873083576813,0.888382181970702
1TM1_T320D_E322A,2.2021604982323644,0.754171039877965
1KNE_D40F_T54F,0.1429750173330521,-0.15893353102606
1A22_N12H_F25L,1.1909772420489428,0.8384865680281199
1BD2_Y672A_Y379A,1.6036619332788582,2.6869915745681103
1AO7_D409W_R410F_S434M_A594M_G595S_G596A_R597Q,-2.9962398311366223,-3.710762725673741
2VN5_S184A_T185F_M125G,2.0960594478542016,1.54634102642972
1PPF_A233G_L236M_L241V_K247I_E261K,1.5844343793054492,2.27964245114666
5E9D_G401R_T464Q_V533E_A582V,-0.1760572555380298,-2.7594142305590297
1VFB_Y208F_D342A,2.196457060646271,2.73774640938036
3SGB_P193S_A194L_T196K_L197R,3.961797954131048,4.97481789118599
1R0R_D276N_E279G_L287M_R290M_E312D_K324E,0.686320988176326,-1.04956231791539
3KUD_K195A_V198I,1.0079468964445175,2.75890525116024
1CHO_L253M_H287R_K290E,0.18154479026728207,-0.440689658290374
1JTG_Q74A_F404A,2.821891333241936,2.81913654709885
1DQJ_S91A_R445A,2.1073331476909503,3.17215144969742
5M2O_V158A_Q162A,2.220607187524743,3.3175987480354907
5TAR_T183A_K184E,1.922479491087769,2.7309125068173796
2QJ9_A250T_M254L_K255G_Y256L,-0.8082944140743913,-0.462206485057919
2B2X_V238T_E252K_Q426S_Y450N_S240M,2.631366546406244,3.12045079658569
4MNQ_H635W_P636E_E637F_Y638E_A478S_L479G_P480T_G482K,3.4527365782807498,0.8976401347988751
1JTG_R217A_S209A_S105A,2.69749420966439,1.6881089553116
1R0R_E279G_L287M_R290M_E312D,1.0048992872191895,-0.24021860763912198
2C5D_Q858R_Q1050R,1.136880352046651,0.30263965414927096
1LFD_K35A_E150A,1.070131232028566,0.285753877931639
1LFD_H40A_S126A,2.29309458129996,0.5011252937404029
3S9D_E193A_L8A,3.912073464972356,4.092513318275991
1BRS_H100A_Y137F,4.237821698968683,5.54970160680609
2DVW_R232A_R236A,3.2508942813383137,2.1533783537741598
1Z7X_Y434A_D435A,1.8475259828288757,7.17121059345669
1JRH_T189L_E191K,2.1724569074254902,-0.025577438864236
2QJA_R265K_T267S_I269K_P270A_H271Q_Q272L_S275T_T251A_L255M_G256K_L257Y,2.5297469164098483,-0.267779483185983
3SGB_K192T_P193E_A194Y_L197G_R200M_G211P_N215V,1.6941578647359286,1.84720598534157
5XCO_D13G_P176A,2.0089256347902498,2.45386828507235
1FSS_T540V_T541N,0.36580082153960974,0.286407077538872
1JTG_K208A_D311A,1.600953587119564,1.55402132527515
1R0R_L287M_S320N_H321R_K324Q,-0.3703536362148268,-0.638905895763589
4KRL_D49T_F51A,0.5378402111170267,1.8532617653282402
1REW_W20A_W123A,1.052658051009864,1.08731319106623
1CHO_A250R_L253R,6.0342196157281025,4.97716645207284
3KUD_Y32C_C118S_N181R,0.9607892788799399,-0.035917177459096
1DAN_K459A_Q460A,0.9415527838934726,-0.20611459757458706
1JTG_K336A_Y405A_S105A,4.018335364534979,3.72841786021021
1CHO_E245D_A250V_Y255E_R256M_E278D,2.7118871033094054,7.82404007266968
1CZ8_L222M_D28T_H31N_T105S,0.9584210627161848,0.211312778089571
1BP3_E88G_Q91Y_F92H_R94T_S95E,0.19223265403539752,0.20951474337489293
1BRS_R57A_D147A,6.47054881877427,11.361334815577099
2WPT_D30L_N31V_R35T,-0.667400814603429,-6.33604595597299
1HE8_K80V_K111A,0.8879405555613389,1.9676246749372
1R0R_E279D_A284V_T286S_R290M_N297S_G301S_V311A_E312D,0.9906379329630536,-0.050451912482814006
1CHO_A250T_L253M,0.10577857676911304,0.923481447801622
3SGB_T196P_L197K_E198D_L202V_S230N_H231R,5.553264676926314,4.83329504290222
2WPT_S159A_N31A,-0.25176059273122536,-0.43725474349221705
3KUD_K195A_N181R,1.5682411227768187,0.7665860875466322
4X4M_K587A_H588A_R589A,3.1220870167052412,1.78814161627383
1BRS_R81Q_D147A,7.603139594356133,6.4391049378577305
4G0N_T35A_A196K,0.4288910702621347,2.5787990764886497
3MZW_N587T_L615Y,0.9573311677888168,-0.026335534916168
1A4Y_Q430A_V432A,1.0541229545915327,0.072213864241107
1LFD_N16A_Y127F,0.8543925260513816,2.3011673499741496
3SGB_L197S_R200V_L202I,2.598974823421881,4.481255789128942
3QDJ_D410W_L678W,-1.9726391470171063,-2.53097012396366
3SE3_Y328H_N329A_S332Q,2.4413944989990486,1.38359750167021
1R0R_T286M_L287S_G301V,1.554522088948747,3.0138081426087497
1JTG_V78A_W424A,3.056134030146398,4.22941620061589
3VR6_R476A_R1068A_R1650A_R3253A_R3254A,3.1355662518166976,1.31798263619225
1JTG_E143A_D311A,1.8390053033483702,1.50500403258612
4G0N_R170A_N175D,1.3249099019046005,3.42120688505983
3BE1_D824N_P826A_R827K_S828T_Y853F_T893S_T894S,1.4668291218579936,-0.8687343052493208
3QIB_K67A_E244A,2.461851480472545,1.50704804505782
1A22_E56D_R64M,0.6791488705945238,2.00331403005788
3SE3_Y328H_N329E_S332Q_F335A,2.1006408781437624,2.79017051028677
1PPF_D225N_E228G_L236M_R239M_E261D_K273E,0.6448694785948551,0.038461713870536006
4UYQ_A162F_A198F_S195I_I196N,-0.7201407005720819,4.89228007964633
1JTG_Q74A_D311A,1.6899993109734264,2.19838388113246
1JTG_Q74A_W424A,3.1371404062827186,2.89128053435884
1LFD_M17K_D38K_D45K_D81K,0.3718016413220711,-0.901750003395886
1R0R_E279D_A284V_T286S_R290M_N297S_G301S_E312D,0.8971035481498154,0.20706579227748997
2WPT_F161A_D30A,1.0699036074043484,-0.132201839636592
1C1Y_R172A_N177D,2.130783502311148,2.75252728381805
3SE3_Y328H_N329E_S332Q_T340A,2.0758567073673313,2.8525915567969196
1BRS_R81Q_T150A,3.963871427817004,6.107559454158912
1BRS_K25A_E182A,4.368101500019642,6.69601343743968
1DQJ_Y96A_S524A,2.6756812537929218,0.9138562546382859
1DVF_D165A_Q434A,3.3529455209629444,1.4648281274782402
3SGB_E189D_A194V_E198D_R200M_K208T_G211S_E222D_L227I,2.034267018029814,1.1970338682704098
1BJ1_T28D_N31H_H101Y_S105T,-0.26440764790606386,-1.7547424867014199
3KUD_K195A_F171W_V179E_N181R_V198I,0.8532822843370533,3.96465180562496
1AO7_P598A_Q155A,1.029586531023134,0.9303608605799992
1QAB_S85A_S200A_S318A_S432A,0.10466157144950017,0.9150529700696608
1KNE_A3F_T54L,0.2803738896273563,0.392969974913029
3HFM_D32A_K526A,2.878932495713404,4.5944966164875
3MZW_N587T_A618S,-0.6099696438819727,0.09499532111639
1EMV_F169A_Y53A,3.3870914965572942,8.26322820877309
1CZ8_L222M_D28T_Y101H_T105S,1.474381822459667,1.03262562239318
3MZW_N587T_A606S_A610S_A618S,0.06443021895162103,-0.113191054025437
1CHO_E245D_T252S_E254D_R256M_N263S_G267S_E278D_G289E,3.0213191786437616,7.66046736375278
3L5X_N417E_E418W_Y419G,-0.6947665541514889,-1.55107435640398
1JTG_F404A_Y405A_E79A,3.4235426616095848,2.89128053435884
4UYP_L164Y_L200Y_S159I_I160N,1.3165339025475928,0.24021860763912
2WPT_N31V_R35T_E36H_R39E,-2.311336197483675,-2.99894963383597
1CHO_T252P_L253K_E254D_L258V_G267S_S286N,6.045541018479358,7.522779818407217
4OFY_Q34A_M36A_F40A_S87A,3.9699735537844254,4.4615770881092995
4G0N_R170A_D38A,2.065676228629292,4.45148534989753
1AO7_Y433A_Q155A,1.635506830664626,0.27613578509821696
1CZ8_L222M_D28T_H31N_Y101H_T105S_L72V_T74V,2.089946566104301,2.46657752161161
2B2X_V238T_E252K_Q426S_Y450N_G288S,2.038125868945663,1.6016782582717801
3L5X_N417V_E418W_Y419G,-0.8748634908757387,-0.8356278168208
1EMV_Q15E_L16F_T18K_T19K_N22R_D24E_T25G_S26A_S27T_S63E_N67K_T68E_V69I_Q71E,2.407900298687967,2.8566248402817296
1JRH_S241Y_D242E_H243Q_V244I_G245M_D246Y_S248D_N249V_L251A,1.8800800006857976,2.96015710468339
3SGB_L197I_G211D,2.742474517261396,5.84542689522094
3SGB_E189D_R200M_L202F_N207S_G211S_E222D,3.0573745799356247,1.60769029042222
2QJ9_R264K_T266S_I268K_P269A_H270Q_Q271L_S274T,1.243473498189169,-0.729985968243902
1CHO_A250G_L253M_L258V_K264I_E278K,1.9045836096444395,1.11430045581674
2B2X_V238T_E252K_Q426S_Y450N_T221E_G241Q,3.0083346694854805,2.7118841543211096
5M2O_N71A_N120A,2.3311330886712947,2.4594625392969798
1A22_K161A_F165A,2.049662808536058,3.78082841997602
3SGB_E189G_K192Q_T196S_R200V_L202F_G211S_N215D_V221A_E222D,2.5461178892283005,3.18207602418048
2PCC_K371A_V197A,2.5030871492280733,2.8009782011196602
3SGB_E189D_A194V_T196S_R200M_N207S_G211N_N215D_S230G,1.8125178941650004,3.89383126220406
1KNE_D40T_T54L,0.3095417041125058,0.25172289112574203
1LFD_K39A_D125A,1.9868886695551584,5.8624242043295
1KNE_D40T_T54F,0.09444352035815794,1.2406183541328002
3NGB_A404G_V405T_P410K_V421T,0.5587937659027747,1.67417050685756
1VFB_Y32A_Q344A,3.0483979784136093,1.58675113946589
1EMV_S63E_N67K_T68E_V69I_Q71E,-1.155142099670302,0.079110938452978
3HFM_Y265F_Y449A,2.996403238663385,6.226447205765481
1DAN_K456A_D457A,0.21786239528710635,-0.5042316955352849
2C5D_E792R_E795R_E984R_E795R,1.240876398353579,1.84898068057899
1JTG_S209A_D311A,1.0626248837602488,1.6411057449895001
1A4Y_K500G_Y434A_D435A,4.747788653367557,6.21388591578305
1AO7_E63Q_Q413V_K66A,2.1821877614482115,1.8550680227753504
1BRS_R81Q_W146F,4.671471664123251,6.758434483949831
3SE3_Y328H_N329E_S332Q_Q333A,2.3175407155202863,2.43224905540355
1CZ8_L222M_Y54W,-0.4416252596276834,0.591580386228516
3SGB_E189D_T196L_R200M_G211D_N215S_E222D_T228S,3.588332208511736,3.7708149086371
1DQJ_W312A_S524A,3.1847021355748653,5.364646748002572
1JTG_F404A_Y405A_E79A_Y80A,1.864822371237011,2.8431511044178097
1BRS_K25A_D147A,7.3768981480578875,8.27804381899008
1R0R_A284V_T286S,0.3490360738236214,0.094771374039919
1JTG_V190A_F404A,2.618151032911657,2.19838388113246
1MLC_N92A_T242D_S271V_T272D_Y273E,0.3793451720008049,-1.46682628108816
4RA0_G447D_A452V_R487G,2.6930727747102368,1.5820303815504
1JTG_E85A_S375A_S333A,2.882860882048388,5.04229012241184
1VFB_Y208F_V343A,1.1539269471139628,2.53961441929016
1VFB_Y139A_K339A,2.8436261011134394,1.58675113946589
2O3B_Q315A_W317A,2.310717001321592,5.75560963385003
2C5D_K34E_K415E,0.9640350666181414,1.94822022161872
1JTG_F404A_Y405A_S105A,3.4193810150814263,4.15827841120202
1YQV_R494K_T466S_I481V_S517T_Q547H,3.75278592018569,0.10615579995400999
1BD2_D413N_Y379F,0.9957242770441326,2.4997206169971298
1A4Y_K500G_D435A,6.499275146137936,4.107512903840419
1QAB_Y114F_Y229F_Y347F_Y461F,0.5989007008779633,-0.39396653020897204
1TM1_R329A_R327A,3.2283818805796503,5.05192309546909
3L5X_N417S_E418I_Y419G,-0.048084513637572816,-0.807335609266804
1MHP_S493R_N432E,1.1593031842551074,2.7283422121839904
4JFD_A380G_E377A,2.4847768686619287,0.8046229523607751
1A22_N211A_T212A_Q213A_E214A_W215A_W219A,0.8764864848558414,0.16606545530393602
1JTG_K208A_S209A_S105A_R217A_D311A,1.6707543624008718,1.72697219544878
2G2U_D79A_E338M_F407A,-0.28308150682791866,-0.6917499933678121
5XCO_D13G_L177A,2.358017853367461,2.797382902798509
4G0N_N182R_A196K,0.3679597322865372,-1.27939072740112
2B2X_Q426S_Y450N,2.3124455935884027,0.682479961884734
3UII_K58Y_H76W,-0.9357413007058664,0.034521530208857
1R0R_E279D_Y280H_A284V_T286S_R290M_N297S_G301S_N305D,2.8418111975426465,0.344642024315181
2QJB_R264K_T266S_I268K_P269A_H270Q_Q271L_S274T_T250A_L254M_G255K_L256Y_H218G_E222D_T237A_M238I,2.9435182104659137,-1.1528583280024298
4GNK_K294A_L1101A,1.1096543127157903,-1.5528396508250002
1JTG_E79A_E335M,0.9673164899900434,1.8363221445671296
1JTG_G212S_D311A,1.5590018067731803,2.63521730140961
1PPF_E228D_K231R_A233D_R239M_E261D,1.9480918515421328,0.129304758148551
1EMV_Q15E_L16F_S46D_K55R_E56D_G57D_D58R_D59E_S63E_N67K_T68E_V69I_Q71E,0.18402318691100344,-0.208529130131861
1KNE_D40K_T54K,0.7438407067655783,0.33650326981661605
2OOB_I27E_I38E,0.9347859566985516,0.284283391142433
1AO7_G411L_S477A,-0.7586517521623706,-0.508602942315872
3S9D_M162V_L8A,4.977077551983881,4.42743460588762
2J0T_V230A_A264V,0.4657470324941294,0.701326942273736
3SGB_D186N_E189D_A194V_T196S_E198L_R200M_V221A_E222D,0.11505526037042935,2.63921776239209
1LFD_N14A_R128A,2.40000143786237,1.6006626867827902
2QJA_G219H_D223E_A238T_I239M,-0.5800294021301476,0.885078844816444
1DVF_N163A_H363A,1.3837139555116376,2.5271304994825696
2VN5_S184A_T185F_L77A_L79A,4.0991469844807655,5.7388303084428
1REW_P39A_P142A,0.32639512940912235,1.2945013317954
1JTG_Y405A_S105A,1.1285188740692251,1.7919657641139999
2B2X_V238T_E252K_Q426S_Y450N_S223A_G290S,2.2224709941911938,2.6170702053119905
1CHO_L253M_H287R,0.7233826027013915,0.14070073033416
3VR6_R476A_R1068A_R1650A,3.066164953992528,-0.278454582515211
1R0R_E279D_A284V_Y289D_R290M_K298I_G301H_N305Y_V311A_E312H_L319F,4.588742992646031,5.688787124492072
2B2X_V238T_E252K_Q426S_Y450N_S223V_G290S,2.0830352818809943,2.4699943128974797
1CHO_L253M_T284N_K290T,-0.06599225022369759,0.6553633238612071
1AO7_G411I_S477A,-0.7178010758318293,-0.38309554660494105
3HFM_Y265A_K525A,5.581015652566558,7.7334952508232915
4E6K_E81A_E238A,1.6271387131201882,2.58481207361094
4KRP_D277T_F279A,-0.5332174069551314,0.358457096732762
1PPF_L236I_G250D,2.7843499469173856,2.52319016881586
2C5D_K940E_K1132E,3.3339995723814835,0.742201905850626
4FTV_D477A_R65A,3.6298836698402015,1.40188532665542
3SGB_E189D_A194V_T196S_R200M_N207S_G211S_N215D_V220F_E222D_T228S,3.1681677318021166,3.30777923942178
3SGB_E189D_A194V_Y199E_R200M_E222D,1.9884696084237952,1.7138756752547
1BP3_Y111V_L113I_K115E_D116Q_E118K_E119R_R120L_Q122E_T123G_G126L_R127I_E129S,1.1628582310872606,-0.39296997491303104
2PYE_Y417D_T633I_L481T_L482S_D483G_T485S_L675V,3.476412584335669,3.36821162549137
1CHO_A250V_T252S_R256M_N263S_K264Q_G267S_K269E_E278D,2.7390162230853092,6.63597622132826
4K71_M416V_A418T,1.0399908929227422,1.19636057740929
1YCS_M37L_V107A_N143Y_N172D_R186W,0.5920936102493299,0.051550062906117
3SE3_Y328H_N329E_S332Q_S344A,2.620178987004537,2.71637307815666
4UYP_R158N_K194N_S159I_I160N,-0.619708876098947,0.689111004667016
3SGB_E189D_L197V_R200M_E222D,1.1441533684253553,3.03428244302436
1R0R_E279D_R290M_K303R_E312D,1.6286545245078798,-0.08199673073316299
2C5D_G768S_D823G_V828R,-0.2546194289534506,-1.2355708093626498
1R0R_E279D_T286R_L287M_R290M_E312D,1.3942674214753208,3.39708146925516
2B2X_V238T_E252K_Q426S_Y450N_F287Y,2.9035345799718364,1.7986878796813202
2B2X_V238T_E252K_Q426S_Y450N_Y246W,1.4116181871298883,1.86499387115327
1MQ8_C216L_C354F_L344C_K349C,0.7295322454892726,3.7200928710002796
3SGB_D186N_E189G_L197M_R200M_E222D_K234E,0.7314909865465771,0.019533153301497
2WPT_D30A_F161A,1.0699036074043484,-0.16468580832332502
1KNE_D40I_T54K,0.5101829276119481,0.589743324341879
2G2U_D79A_E338M_K339A_F407A,1.5088479519154647,-0.987378299607539
1R0R_A284V_T286S_R290M_N297S_K298Q_G301S_K303E_E312D,1.1423935622451868,1.4012724773967702
1DAN_E511A_R512F,3.4587249912982263,-0.021546082933263003
1LFD_Y18A_E124A,2.3754682109135685,3.4585321577009602
3L5X_N417L_E418L_Y419G,-0.3546635947923299,-0.626250104089225
3SE3_Y328H_N329E_S332Q_S339A,2.498903463634423,2.4881236045448705
5XCO_D13C_Y178A,2.5959989092227302,2.61899259326217
4G0N_V180A_E37A,1.8631605844472736,2.710342286432581
1CZ8_L222M_D28T_H31N_Y101H_T105S_Y54W,1.8318677231193172,1.65828612419415
1HE8_K80V_D95A,1.6132606678824952,1.03829506263107
1FSS_T540V_T541N_R543K_H561R_K564R,-0.007254129117190172,0.801886448725391
1A22_Q351A_R352A_N353A,1.3250754686897004,1.10356694866984
1JTG_V78A_F404A,2.7588680479836767,4.516677002825991
5M2O_N71A_E80A,1.8420533909890109,1.02894197124884
1CHO_E245D_Y246H_T252L_L253Q_Y255Q_R256K_G267D_N271S_E278D,9.967135087459797,11.138376043540196
1AHW_I569Q_T571I_Y573T,2.4608096728097646,3.97748520236392
3SGB_E189D_R200M_K213R_E222D,-0.2433958121569193,-0.141374396989397
1HE8_K80V_K108E,0.714031993228744,2.16224756108394
2B2X_V238T_E252K_Q426S_Y450D,1.5955588211423748,1.54466776976523
3HFM_W98F_Y449A,2.770286531251697,6.231808798771841
4J2L_V23A_L118E,3.216322922668944,0.43684640934982105
1OHZ_S185A_T186A,2.702092115685105,0.079703094408071
1BD2_E601A_Y382A,2.9515469126771428,3.966677102252061
1CHO_A250R_T252K_L253R_E254S,7.15621702632969,8.39289491666134
1JTG_V427K_D425K_N351K,-0.940665041082949,-2.39342092457237
5CYK_E506R_V508W,-1.9721204352497403,-2.11596758574208
3L5X_N417S_E418S_Y419G,0.14556817308635064,-0.24932429682213395
3NGB_T380Y_G403S_A404G_V405T_P410K_V421T_Y422S,1.8086739918334935,1.9390616003776802
2J0T_T163L_V165S_S229A,1.8983649759085668,5.28624660985531
1PPF_E228D_L236V_R239M_E261D,1.855415436344656,0.038461713870536006
4G0N_F172W_N182R,0.4099393776477208,-0.287640068584837
2B2X_V238T_E252K_Q426S_Y450N_G490Q,2.1224698215777758,2.6170702053119905
4UYP_D167Q_D203Q_S159I_I160N,1.063238528883847,4.4727809264149405
1PPF_L236M_G250D,3.339455683073824,3.98593979577098
1CHO_E245D_A250V_T252S_E254D_R256M_K264T_G267N_N271I_E278D_L283I,4.661567822341529,7.61213513862502
4RA0_S392G_A452V,1.1956544774202311,0.921969865689846
3MZW_N587T_A606S_A610S_L615T,0.28470696285624314,-0.14522328652273098
3SGB_E189D_K192Q_A194V_T196M_L197G_E198D_R200M_N207S_G211S_E222D_S230N,2.3310506072797463,5.824452953311138
3SGB_A194V_T196S_R200M_N207S_K208Q_G211S_K213E_E222D,2.4403597842022866,4.481255789128942
3SGB_T196P_L197K_E198D_L202V_S230N,4.181252845101136,4.9121689531529
4G0N_F172W_R178L_N182R_V199I,0.7872812584150477,0.6034535688452071
3S9D_D218A_L124A,1.650006421604244,3.0214259820122797
2PCC_K386A_D34A,3.4050091891191943,0.20301208911892002
1JTG_E85A_S333A,3.2988324653348453,5.019353632870571
1DAN_C440S_C448S,3.5100657355575287,-0.32587604346092996
5UFE_G12D_Q191R,0.7536674717225859,-0.9751043920701741
3SGB_E189D_Y190H_T196L_L197Q_Y199Q_R200K_L202I_G211D_N215S_E222D,7.1618195266489195,7.42943541544963
1DQJ_Y267A_D525A,3.5356021544584952,2.7283422121839904
1KNE_D40T_T54K,0.4916188894377804,0.7270746504260379
1CHO_A250D_L253A_Y255D,7.369694989314809,10.913368848736
1JTG_Y405A_E79A,2.2113011115926438,1.8645553426478705
1MAH_Y69N_Y121Q,3.9531470081925337,6.13277398214886
1R0R_L287M_T299S_G301D,2.2273469020446117,2.14590302151682
4G0N_K195A_D33A,2.0688775222104145,2.61378879630655
4MNQ_L382A_H635W_P636E_E637F_Y638E,2.286979709676293,4.38919863101153
3S9D_E193A_L23A,3.907897533489576,6.0581598545349005
4FTV_E63Q_K66A,1.9820300222846703,1.33163615656518
1PPF_E228D_A233V_T235S_R239M_N246S_G250N_N254D_S269G,1.7808944344009443,1.01456138300646
3SGB_T196P_L197K_E198D_L202V_G211S_S230N,3.431253873508804,5.05522367216019
1BRS_H100A_T150A,5.050058890638057,8.13562703692797
1DAN_N550A_E551A,1.0290922671386613,-0.024545846221733
2VN5_S184A_T185F_L79A,2.724711724772225,2.84615179791748
1AO7_G411M_S477A,-0.6118473811354944,-0.804622952360776
1JTG_S209A_S105A,1.1329493136253963,1.1527343970358102
5XCO_D13C_Y181A,2.5905369594441834,2.797382902798509
3SE3_Y328H_N329E_S332Q_R377K,4.967052824346107,2.6107695598604796
1R0R_E279D_L287M_R290M_E312D,1.0599358131513947,-0.24021860763912198
1DVF_D207A_N385A,3.0223554648325277,4.092513318275991
3AAA_K248A_R258A,2.1704936810818385,4.7972847585299405
4FTV_E63Q_D477A_K66A,3.70061857716155,1.8550680227753504
3U82_T259A_Q260A_E321A_N329A,2.3387814024621774,-1.01069275832409
3HFM_Y265F_R450A,4.845261317424021,4.33273192591511
1BRS_R57A_W146F,4.642691121656084,6.27799726867159
3L5X_N417D_E418P_Y419G,0.8199614020784549,-1.47061846394831
3QIB_Y787F_T792S,0.6072184966826923,1.21696968089097
1A22_R209A_R210A_E214A,1.4945098117633675,0.9535146839401941
1A22_R352A_N353A,1.2045556167645926,0.9025979209166659
1CHO_R256V_L258I,1.50315031288505,2.1671828200820697
1R0R_E279G_L287M_R290M_E312D_K324E,-0.08098884914197024,-0.6954318490208331
1R0R_A284D_G301A_N302S,2.0479358332385664,5.83418803115816
2C5D_R32E_K34E_R413E_K34E,2.2057448973624054,3.9603114786394
4MNQ_I634V_H635G_P636A_E637G_Y638I_A478S_L479G_P480T_G482K,3.304478078342457,5.82115237662004
1JTG_F404A_Y405A_Y80A,2.4531219554825534,2.9869044518034302
2B2X_V238T_E252K_Q426S_Y450N_G490S,1.2500504779932893,1.55651720443187
2B2X_V238T_E252K_Q426S_Y450N_S422R,3.1419262906317544,0.9765949799868878
2ABZ_A315C_A339C,0.91129784797008,-0.553533361117623
4G0N_T179A_E31A,2.1694931671364386,1.55136036919817
4GNK_D279A_P281D,-0.6040188579187831,0.12133085603255699
1DAN_T451A_K411A,3.2849196437807353,3.05465629779704
4MNQ_L382A_I634V_H635G_P636A_E637G_Y638I,2.843400204161821,4.66989311027324
1PPF_E228D_A233V_E237D_R239M_K247T_G250S_E261D_L266I,1.95982263433004,1.9170590243047896
1QAB_V30M_V145M_V263M_V377M,2.6181453644590644,-0.27507877860240804
1REW_D42A_E98R_D145A_E201R,0.5228833283000819,0.043651579641487005
1A22_D258A_E259A_K260A,0.32611770343801,0.20982979362626802
4CVW_L908G_V909D,3.746459865619389,7.74546438485063
1DAN_K432A_D435A,1.5505527580489402,1.57143060508488
1JTG_D311A_S105A,1.3846946084446898,0.35808927404525
1JTG_K336A_F404A_Y405A,3.9486226428456273,3.89540113441769
4UYQ_N160I_S195I,1.6413193363159522,4.04860790316201
3SE3_Y328H_N329E_S332Q_K354A,2.305743890282854,2.30571665600485
1AO7_G411T_S434M_S477T,-2.508981035655564,-1.6043897137311205
3S9D_M162V_M119A,5.011317654644908,5.456684424367992
1R0R_E279D_K282M_L287M_L292V,1.316153517336194,-1.75501123335323
1LFD_N16A_Q112A,1.661502919745125,0.301781649678169
4J2L_S34D_L118E,4.31871935322107,0.6970077106248829
2B2X_V238T_E252K_Q426S_Y450N_Y246E,2.3835491402168425,3.12045079658569
2B2X_E252K_Y450N,0.5943550973357893,0.348686080862132
3S9D_E193A_M119A,4.3981710434909145,4.98096796700524
3MZW_N570A_N587T_S597K_D600A_A606S_A610S_A618S,-0.4554477482075514,0.4480868877484741
3S9D_H192A_S123A,1.453360689445337,1.1356846042779098
4YH7_E207G_L208S_R209S_E210G,-1.1138158183927866,-0.040874963576889994
2WPT_F161A_N31A,1.8725450532641819,1.3522019720646599
2J0T_C162S_F173Y,1.0611121123787948,4.20053008627852
3PWP_G377L_I384V,-0.8712980555968164,-0.385794649149201
1CHO_L253M_G267D,2.5424329553518947,3.4198418560937203
1KNE_A3F_T54I,0.21387040958640327,0.589743324341879
1MQ8_C216L_C354F_E339C_E356C,0.0057695780991994594,-1.25615433808947
1BP3_Q46H_N47D_P48S_Q49E_L52F,1.2979124923166052,0.246172949052857
5M2O_E80A_H117A,2.9525667646869684,2.5299770191843702
3KUD_K195A_F171W_N181R,1.7124980061603905,1.2052375750659399
1DAN_D435A_K411A_F521A,2.0753168643526907,5.7351390068832
1CHO_A250R_T252P_L253R,7.0929965998539055,8.92000020356855
1REW_L89A_L192A,1.0942053794462243,0.239922455679068
3L5X_N417L_E418M_Y419G,-1.0154151758762684,-0.8260461742778741
1A22_Y42A_Q46A,2.4015096699703897,0.273325096067642
1JTG_K336A_K208A,3.7435487176435966,6.548086948453912
3S9D_W214A_M119A,3.006284114917239,3.84634036922313
3VR6_V2146A_V2597A_V3052A,2.1378843136025347,0.6982964907366399
3SE3_Y328H_N329E_S332Q_T350A,2.5264237348958303,2.2976007484898098
3S9D_H192A_R120A,2.963537056235409,3.84634036922313
3SGB_E189D_Y190H_T196L_L197Q_Y199Q_R200K_G211D_N215S_E222D,6.6617555140661775,7.4594686515882005
1PPF_D225N_E228D_A233V_T235S_E237L_R239M_V260A_E261D,1.4234866512559812,1.4026328199625302
5E9D_G401E_T464Q_A582Y,-0.08179435435872393,-2.47529020780592
1EMV_S46D_K55R_E56D_G57D_D58R_D59E_S63E_N67K_T68E_V69I_Q71E,3.457050431619268,-0.5173725266599261
3S9D_T160A_L124A,3.0166853012348263,3.31239132771072
2KSO_K10D_D90K,0.23648795171897896,0.387420032840144
1CHO_E245D_L253V_R256M_E278D,2.7615991091352927,6.61243198478507
2VN5_S184A_T185F_T35A_N37A,0.9926420352717028,1.6314117516021398
3S9D_T160A_L8A,3.1462982769328662,3.57856088603715
2VN5_S184A_T185F_M125G_K127A,1.3441714183072702,2.34206041597398
1R0R_E279D_K282R_A284V_E288D_R290M_G301S_E312D_L317I_K324R,0.8039792820007386,-0.410656422151803
1JTG_E79A_E335M_F404A,2.2237306039357345,2.84554446625615
1DVF_D161A_Y272A,3.4692918609107126,4.494883563624679
1MAH_Y69N_Y121Q_W276R,5.274405050554206,10.926110242681998
1A22_S237A_S241A_E259A_K260A_Q301A_K302A_V306A,1.2049090641047004,-1.4000882835510902
1R0R_K282T_P283E_A284Y,-1.4753989475579543,-0.872751867572298
1BRS_R85A_D147A,7.9768516986951425,7.1853234827120325
1MLC_N92A_T242D_S271V_T272D_E249S_G313D,1.3339573192039471,-2.95524673179309
1KNE_A3K_T54K,0.7441028646547097,1.59972471337849
3SGB_L197M_L202V_K208I_E222K,-0.4185565845057972,0.8196556348769091
3S9D_M162V_L124A,4.017576590210553,4.53320297656637
3SGB_Y190H_E198D_L202I_N207S_G211S_N215D_V221M_E222D,2.6015362136031692,2.3268814599761902
2WPT_K17T_K18T_R21N_E23D_G24T_A25S_T26S_D29E_D30L_N31V_R35T_E36H_R39E_L40M,-5.337392035053463,-8.26702336728515
3MZW_N587T_S597A,-0.05010060916106555,-0.215004079649171
3BDY_D244N_P246A_R247K_S248T_T313S_T314S,1.4270893842468366,-0.9535146839401941
3M63_G961F_Q962K_S1018Q_H1020V_V1022M,0.6233823250084136,0.187127706455511
1JTG_E79A_E335M_K336A_F404A,1.7507214398287094,2.58208946930537
3SGB_E189D_R200M_E222D,0.5685074190409528,0.077453729026285
3SGB_R200V_L202I,1.4596881469321936,0.168780605085987
1R0R_E279D_R290M_K298Q_G301S_N305S_E312D,0.29019479912877666,0.6687392570711651
1MHP_T234V_G286S,0.7298656234502849,1.66820312747145
1CHO_E245D_R256M_K269R_E278D,2.1615490224848792,2.45749761999893
3KUD_Y32C_C118S,2.1817894848969224,0.9101451820095161
1A4Y_K500G_Y434A_Y437A,4.654447788149036,9.12315209204376
5UFE_Q191R_E199G_D200G,-0.4512990892177269,0.097520101943857
1BJ1_H101Y_Y103W_S105T,-1.4511735478401608,-1.04144641040035
1QAB_T60A_T175A_T293A_T407A,1.5955144846859424,0.121957457871769
5XCO_D13C_S180A,2.5525211862891193,2.46435443463638
1YCS_M37L_V107A_N143Y_N172D_R153S_H72R,0.07557744187583276,0.509627946003637
3S9D_T160A_A116G,1.977637517146528,4.35139337369984
1AHW_K586A_N588A_N590A,2.967607901709997,4.07482687103722
1R0R_R290V_L292I,2.6669564213247163,-0.016344539567124
1BJ1_H101Y_Y103R_S105T,-0.8991266721316539,-1.17364825003694
1CZ8_L222M_D28T_H31N_T105N_Y103R_G104D,2.135176769562536,0.799766761370343
4G0N_K195A_R200G,3.0587838183757308,5.35862506695308
3S9D_M162V_L23A,3.5961426456814234,7.113939300288267
4G0N_R170A_I36A,3.044926613856907,4.2577574064946
1KNE_A3F_T54K,0.4962506320181786,-0.035917177459095
3D3V_E614A_Y383A,3.235832558048355,3.90092670774987
3SGB_L197M_G211D,2.8331136719912817,2.27515361702861
3MZW_N570A_N587T_S597K_A606S_A610S_E611A_A618S,-0.536577912022008,-0.3854418941618541
3HFM_N246A_K525A,2.7663412111692307,7.4717305602509105
3MZG_H167A_H374A,4.022948024047135,-0.237263728776883
3S9D_T160A_R120A,3.2727134272508325,5.26860803559008
3SGB_A194G_L197M_L202V_K208I_E222K,1.0453645030172818,3.22937910127452
1DQJ_Y96A_R445A,4.632464262458144,3.4867602378740297
2VN5_S184A_T185F_Y39A,2.839505894880287,1.2559173098871699
2B2X_V238T_E252K_Q426S_Y450N_L248D,2.1617583856108564,0.9209862793615772
2B2X_V238T_E252K_Q426S_Y450N_F287W,2.8227008682687997,1.0436810268496701
1MLC_N92A_T242D_S271V_T272D_S244G,-0.6819579389655248,-2.3595233078155298
1CHO_E245G_L253M_R256M_E278D_K290E,1.7066704809402045,1.8910470349838504
1DAN_D445A_E447A,2.0876707543220308,0.433300655508367
1PPF_L236M_N254D_S269N,1.3530634265681118,-0.858586264973248
1LFD_S20A_E124A,1.9747481877969584,2.20829647007165
2P5E_T437Q_P438S_W439S_A628G_I629A_Q630G,1.9220719876625112,4.40987303357604
1JTG_D311A_R217A,1.1117919789010269,1.09922378597498
3BDY_D244N_P246A_R247K_S248T_T313S_T314S_K31S_D32G_T55S_N56E_G101V_D103V,-1.5965791950230508,-2.67187550708758
1LFD_D38A_D120A,0.7414284975994266,0.20032270147776998
1R0R_K282S_P283D_A284Y_L287G_E288I_R290K,0.8608723265478789,0.7984834986244119
1XXM_A337K_A405F_A406Y_A79E_A80Y,-0.1604307894968979,-2.4127271107591297
3L5X_N417L_E418N_Y419G,-0.6640056702815381,-0.695748306233083
4MNQ_K380A_I634V_H635G_P636A_E637G_Y638I,2.473488513494226,4.2479515472242415
1CHO_E245D_A250V_T252S_R256M_N263S_G267S_E278D,5.292090749052393,5.456684424367992
1GL0_M269K_L268R,2.3899068373534416,3.83729512507244
1PPF_E228D_L236M_R239M_E261D,2.1773927867957457,0.831164880584641
1CHO_V241I_E245D_A250V_T252S_R256M_N263S_G267S_E278D_T284I,5.3899641245481185,5.42665118822942
1DVF_Y49A_N385A,3.5198454269525525,2.0312787124933203
3L5X_E418F_Y419G,-0.6155378898951096,-0.428200023824182
1CHO_E245D_A250V_T252S_R256M_N263S_G267N_N271D_S286G,6.170002575185761,4.36488270808439
3MZW_N570A_N587T_A606S_A610S_A618S,0.06546767478170114,0.025214527989948998
1EMV_Q15E_L16F_T18K_T19K_N22R_D24E_T25G_S26A_S27T_E30D_L31D_V32N_T36R_H37E_E40R_M41L_S46D_K55R_E56D_G57D_D58R_D59E_S63E_N67K_T68E_V69I_Q71E,4.983133052015785,8.05849423715329
1JTG_S209A_S105A_K208A,2.509671078849179,1.8496946011140296
2C5D_T26D_T407D,1.8180702730456475,0.7250281821261101
4G0N_Y32C_C116S_N182R_A196K,-0.5710752520078111,-1.73092211312981
1A22_F25A_Y42A_Q46A,3.0248982721469293,0.190522856055061
1R0R_L287S_R290V_L292I,3.3739247871122005,1.88985564415587
2WPT_E14Q_F15L_K17T_K18T_R21N_E23D_G24T_A25S_T26S,0.6019154022613424,-0.06827136050422
1PPF_V224I_E228D_A233V_T235S_R239M_N246S_G250S_E261D_T267I,3.5679171668904783,1.96872747106258
3SE3_Y328H_N329E_S332Q_E367A,2.5166100804765392,2.70002853858953
1MLC_N92A_T242D_S271V_T272D_N32L,0.4511383390826698,-2.58546527321818
3S9D_M162V_S123A,2.7784110854706685,4.08054418424865
5E9D_G401E_T464Q_V533D_A582E,0.6353370971993698,-2.63639787699206
4UYQ_R158N_K194N_S195I_I196N,3.0334926088011738,0.9004237827565851
1MAH_Y69N_W276R,3.449753772446418,10.7342819465459
2NYY_V1519I_E1488Q,1.9280166547555269,-0.049399599624007
1KNE_A3K_T54F,0.8186648646553393,1.4692765562766599
1LFD_Y18F_E124A,1.4701176674146719,1.2470759488447
1DAN_D435A_T451A,3.030995271132348,4.15924807906917
4G0N_F172W_R178L_V180E_N182R_K195R_V199I,1.2734501875864714,3.60404662116562
1R0R_N297S_G301A,-0.21261213504427487,1.2537312182137
1JTG_M104A_Y315A,3.29941325506608,3.60927490636677
5E9D_T464Q_A582Y,-0.6242673520067773,-1.27222677090007
3BDY_D244N_P246A_R247K_S248T_Y273F_T313S_T314S,1.5076103274839103,-0.9735997254825741
1MHP_W492Q_F435Y,2.6317307667245253,0.8714090365813459
1JTG_T402K_Q419K,0.592084925058631,-0.39660551890977097
2C5D_V828A_G863R,1.3705513092950077,-0.656285587794526
3MZW_N587T_D600A,0.5667494191410106,0.708121790278168
1BRS_E71F_D147A,4.313170597934594,7.4717305602509105
1PPF_E228D_A233V_E237D_R239M_G250S_E261D_L266I_K273R,2.063910260745764,2.48631458944852
2B2X_V238T_E252K_Q426S_Y450N_L447K,2.4960854404007784,1.96863827994706
3L5X_N417V_E418G_Y419G,0.012908768106252577,-0.4632073695450871
1JTG_F404A_Y405A,2.8765695979519235,2.8431511044178097
3SE3_Y328H_N329E_S332Q_K341A,2.762689019260492,2.6343763474234905
1JTG_E143A_W412A,3.532418261708812,4.10965155414619
1B2S_A27K_A153T,-0.8450248479562797,-5.72392506987813
3L5X_N417D_E418W_Y419S,-1.0189349211813443,-0.7164474240703531
3SGB_L197M_Y199Q,2.322744399074772,3.77648434887499
4FTV_M682A_S683G_A684G_Q685R,2.6451239040919305,3.9603114786394
1CHO_T252P_L253K_E254D_L258V_S286N,4.933090313569867,7.1449527632159695
1AO7_D409W_R410F_S434M_S477T,-1.6180806193008064,-2.71716354122755
1MLC_N92A_T242D_S271V_T272D_Y246W_R312V_D314Q,0.8219380626976825,0.36154946367167706
2B2X_V238T_E252K_Q426S_Y450N_W488Q,2.2816870592593204,3.12045079658569
1Y4A_S315E_R314M,0.26646163897214986,-3.5496550564876004
1JRH_I205N_P207S_V209T_V211I,2.5554565278108363,0.14377030729355098
1A4Y_R465A_Y434A_D435A,6.232416832153312,10.1070555899968
1CZ8_L222M_D28T_H31N,0.4224085181742922,0.4515313857286911
1JTG_Y405A_E79A_Y80A,2.709528151677695,2.05467775800925
1MLC_N92A_T242D_S271V_T272D_Y246R_R312S,1.793586453988055,1.85056266278398
1PPF_A233R_L236R,5.6279720465448335,7.32779661478928
1REW_D19A_W20A_D122A_W123A,1.3239066885013655,2.06308220905063
3SGB_E189D_T196S_E198D_R200M_N207S_G211S_E222D_G233E,2.6360158752583183,4.67195034551378
1BJ1_M222L_T28D_N31H_H101Y_S105T,-0.3366405220582824,-1.7956174502783102
1DQJ_S91A_Y444A,3.4812588420944497,3.574691964334181
3KUD_T35A_N181R,0.724070836077463,1.4893615978190402
3MZW_N587T_A606S_A610S_L615Y,0.0003878507774566138,-0.053896410463031
1PPF_E228D_A233V_T235S_E237D_R239M_K247T_G250N_N254I_E261D_L266I,2.938626988797057,4.59809815939474
1JTG_F404A_Y405A_R217A,3.8955709737894986,4.54280136255412
3SGB_E189G_L197M_Y199S_L202I_K208T_G211S_H231Y_F232P_K234V,3.289027293395649,3.6910525660681897
2B2X_V238T_Q426S_Y450N_L248D,1.9005581907601303,0.901817043007721
3LZF_D187E_D222G,0.9575060361801746,0.127443163580743
1PPF_E228D_K231M_L236M_L241V,0.4380434913736899,1.6279965012941298
1A22_F54H_S55T_E56S_I58L_P59A_S62E_N63D_R64K_E66Q_T67A_K70M_S71N_N72Q_L73K_E74D,1.7351333240943811,2.49677269222227
3L5X_N417S_E418W_Y419A,-0.6377628356339575,-0.30316371608856896
3SGB_T196P_L197K_G211D,6.376745136723491,6.54306253593508
2WPT_D29E_D30L_N31V_R35T_E36H_R39E_L40M,-4.815081670697372,-6.354465635958508
2OOB_A6S_K7E,1.5872553909969735,0.16116079674603398
1AO7_D476N_R65A,4.142301984424376,3.08435019762438
1KNE_A3F_T54F,-0.2949109702368616,0.803626397064832
1JTG_K336A_F404A_Y80A,5.010981319429922,4.77913502523145
1DVF_D207A_H363A,2.356003912852985,4.14997657866835
2WPT_E23D_G24T_A25S_T26S_D29E_D30L_N31V_R35T_E36H_R39E_L40M,-2.311149752514801,-6.635493703057732
1JTG_K336A_F404A_E79A,2.3795359814554233,3.1302399449591296
1TM1_E322S_M321R,0.9637866106787716,3.5496550564876004
1PPF_E228D_R239M_L241F_N246S_G250S_E261D,1.2545894764990586,0.46085024184737294
3S9D_H192A_L19A,2.4455846727100767,3.05649254628327
4JFD_A380G_I383A,2.096428039015996,-0.08859037242431697
3L5X_H416Q_N417D_E418Y_Y419G,-0.6419202656456805,-1.45210283255215
1BRS_K25A_Y137A,6.833804230863893,8.62458888825334
1CHO_P249S_A250R_T252P_L253R,7.374048812556491,8.48397498914165
1R0R_L287M_N305D_S320N,0.8432015852824603,-0.307360412064764
1CHO_T252K_L253R,5.7545313740845225,7.47213928878299
1BP3_D11A_M14V_H18Q_R19H_F25A_Q29K_E33R,1.2665893876024108,3.6053051494853903
4G0N_N175A_R41A,1.962791343920304,-0.580601962449416
1AO7_S477A_Y379A,1.9196296682273744,1.8610118222450602
1DAN_E560A_N561A,0.22869888085140916,-0.09357527338348402
1PPF_E228D_K231R_A233V_E237D_R239M_G250S_E261D_L266I_K273R,2.0823879667119978,2.32700464615088
1BRS_E71F_D143A,2.5656960452052,6.41019910830818
2G2U_E338A_Y315A,2.0548123665940987,-2.4525149154987598
2G2U_E338M_K339A_F407A,1.6824735282330106,1.4830588576985602
1A22_K157A_E163A,4.155910195030044,-0.7697627813974871
1JTG_Y405A_R217A,3.027437474743801,2.26985017179331
1PPF_E228D_L236F_R239M_E261D,2.2793144531878387,4.55336356012336
1JTG_K208A_S105A,1.9929328251013525,1.9795986279784799
3S9D_E193A_A116G,2.984554369992201,5.041269326160339
1CHO_E245D_R256M_L258F_N263S_G267S_E278D,2.0024686947602928,2.6691661182935698
1JRH_M195L_I198V,0.2448619555442469,-0.21370170061569002
1EMV_Q15E_L16F_T18K_T19K_N22R_D24E_T25G_S26A_S27T_S46D_K55R_E56D_G57D_D58R_D59E_S63E_N67K_T68E_V69I_Q71E,2.689983701754244,1.70402860119477
1JTG_S209A_K208A_D311A,0.6508576341454004,1.53482573743555
1A4Y_Y434A_D435A,4.660716820927954,6.820855530459991
3MZW_N570E_N587T,0.3846690581698939,0.384320887235633
3SE3_Y328H_N329E_S332Q_L351A,2.493298877334288,3.35913220043254
1R0R_E279D_R290M_E312D,0.8510394869771163,0.410656422151803
4G0N_Y32C_C116S_N182R,0.27933714237492824,-0.3667510070378161
2B2X_V238T_E252K_Q426S_Y450K,1.6821105140973565,1.70148539860029
3S9D_T160A_S123A,1.3421089770564156,3.0632634997956196
1PPF_E228D_T235S_E237D_R239M_N246S_G250S_E261D_G272E,2.1294459039750344,3.28123013039678
1HE8_K80V_F78S,1.2159254954223375,2.16224756108394
4L3E_R65A_Y411A,4.370750621336908,4.44074869391764
1KNE_D40T_T54I,0.2291805431773149,0.887208692468246
1PPF_E228G_K231Q_T235S_R239V_L241F_G250S_N254D_V260A_E261D,2.7482198470579973,0.50558484111875
2OOB_A9E_G13S,0.43233323008188335,3.10336032343104
3QDG_D411W_L679W,-1.9101282045819368,-3.3547827693758
2G2U_E338M_Y408F,-0.8026770850288327,-1.5924550255879
3SE3_Y328H_N329E_S332Q_I373A,2.6906622653038528,2.32708998722856
1BRS_H100A_D147A,6.5665127434026624,8.991339895291151
1JTG_N75A_R422A,2.2419695380609683,1.57684855274039
2NOJ_R301A_N308A,2.3720816927464687,0.7486768553679379
1BP3_R64A_D167A,3.479695269625726,0.3786241896545061
4UYP_I195S_I160N,3.3475585582080014,1.97417117230603
3SGB_A194T_L197M,0.6178085274340401,0.47637804535305
1JTG_R217A_K208A,3.225922646575356,2.73007452916017
1R0R_V275I_E279D_A284V_T286S_R290M_N297S_G301S_E312D_T318I,2.22280749357722,0.28546593042475604
1EMV_F169A_V35A,3.9934603576995378,4.0684039641938
4G0N_T179A_V45A,1.8128534100285028,1.06496881250619
1BJ1_H101Y_Y103I_G104A_S105K,-0.25492418670712097,-0.431446344186313
1JTG_S333A_S375A,1.0715049085242851,0.456068109478302
5XCO_D13G_Y181A,2.563516892672692,2.797382902798509
1JTG_P82A_H303A,2.78637406033154,2.65294571839825
2G2U_E338A_Y408A,0.7802631607018498,-1.83550350137518
1BRS_R57A_D143A,4.599515242541262,6.33446397376801
1R0R_A284G_L287M_L292V_K298I_E312K,0.8715817344795502,1.03614166822491
1JTG_K336A_Y405A_K208A,4.4081474056835095,4.87600405567964
1BD2_Y672A_Y379F,1.5558068534451788,0.8948648276539292
1AO7_R590A_Y379A,3.517593226641545,2.0190833030127098
2C5D_L867E_L1059E,1.7717296153272246,0.24021860763912198
2B2X_E252K_Q426S_Y450N_S223A,2.2345461732147838,3.12045079658569
3SGB_E189D_A194V_T196P_E198D_R200M_N207S_G211S_N224S_S230R,3.651035364970176,2.53884564218169
5XCO_D13C_P183A,1.5949588164314177,1.74758355668082
1AO7_G596A_R597Q,0.3495068971267205,-1.56351475015423
1CZ8_L222M_D28T_H31N_Y103R,0.7161006800550188,0.621969200241372
3S9D_H192A_L8A,2.9621716492535874,4.01677818373582
3SGB_E189G_L197M_R200M_E222D,1.0686949337580711,0.910982510936611
1EMV_F169A_V32A,4.116224478032,4.6658330831128225
4UYP_S159I_I160N,0.2301867956279558,-0.25521819320355604
1AO7_R410F_G411M_S434M_S477T,-2.3064612414396084,-1.8037333577933503
3MZW_N587T_L615T,0.6554501416810765,-0.179086902190077
3HFM_Y311A_R450A,5.595665595873548,5.75932407851726
1JTG_E79A_E335M_K336A,2.81479261783629,2.0956979126133897
3L5X_N417F_E418W_Y419G,-0.4038312629325971,-1.2335428450265602
4JFE_A383I_E377A,0.8554209814580899,0.8932133247850921
1JTG_N75A_K336A,3.3273466250802457,3.51183294958764
2J0T_T163L_V165S,2.6962555321820103,3.47054411803462
1CHO_K248T_P249E_A250Y_L253G_R256M_G267P_N271V,2.7243779353468893,5.884188957714128
2B2X_V238T_E252K_Q426S_Y450N_G241N,2.295289767583661,2.2995564983847996
3S9D_T160A_L19A,4.046110515688682,3.39480898349444
1JTG_E143A_R422A,1.977539027578027,2.3189265276244
1A4Y_K500G_Y437A,4.549017559826479,6.45410452342217
3EG5_T251N_S252N_H253N,0.6776639512520857,1.0535789569190699
5UFE_G12D_Q191R_E199G_D200G,0.3175347728776194,-0.9225372439636208
1CHO_E245D_L253F_R256M_E278D,1.9556801876744705,1.03739330905706
1BJ1_L72V_T74V,0.4524574909755151,0.670960071333303
1CHO_K248R_P249F_A250R_T252K_L253R,7.0279744120581285,8.097977410727319
2VN5_S184Q_T185Q,0.0021277369833111125,0.9391224300370932
1CHO_K248R_A250R_T252K_L253R,7.655898563926983,8.0271300970901
3SGB_E189D_A194V_T196S_E198D_R200M_K208T_G211N_N215I_E222D_L227I,3.369425130798528,4.26129392336198
1JTG_E85G_E143G,2.438389019583839,-0.610000066214036
1CHO_T252P_L253K_G267D,7.217046888990133,9.929820928657213
1CHO_A250D_L253A,2.784450007604142,4.8279183772997
2VN5_S184A_T185F_S75A,0.7339421807134412,0.0
1QAB_Y114H_Y229H_Y347H_Y461H,4.170221936697308,0.689111004667016
3MZW_N570A_N587T_S597K_A606S_A610S_A618S,0.08011263288881999,-0.215004079649171
1CHO_E245D_R256M_E278D,1.4765508683268003,2.54346290305227
1JTG_E335M_F404A,1.3906739681746632,2.53268986968136
1REW_S58R_S161R,1.625069001056143,1.66681076024127
4GXU_D189E_D224G,-0.6950292813695601,3.0115554707550496
1CHO_E245D_L253M_R256M_G267D_E278D,4.222245457894025,5.63772693811669
1DVF_Y49A_H363A,3.5464044058908812,2.6262205374343703
2B2X_V238T_E252K_Q426S_Y450N_T221V,2.068959374535464,1.4782436540811899
3L5X_N417S_E418V_Y419G,-1.1797313925063813,-0.5171037800081171
1GC1_Q40A_D63A_Q89L,1.658607243593634,-0.848247118011255
2B2X_V238T_E252K_Y450N,0.4210976915929179,0.37727001310208
3SGB_L197M_H231R,0.11614761724419975,0.501036889090523
2C5D_E792R_E984R,2.2841528888190514,0.30263965414927096
3SGB_E189D_A194V_T196S_Y199D_R200M_N207S_G211S_E222D,3.5701345374910893,4.871827169738372
4G0N_V199A_H27A,0.9542167046629366,0.192550856112534
1KNE_D40K_T54L,0.7032944902004654,-0.314371759974308
3HFM_Y50A_R450A,4.944404599459848,7.94480802891286
4G0N_R170A_E31A,3.042135016668354,2.12975550331839
1DAN_D435A_F521A,2.264509288749217,3.17330515747143
5M2O_E80A_N120A,1.581206869382643,1.21096696693228
1VFB_W92A_Q344A,3.446777503038832,3.5205121987357497
3D3V_E614A_Y383F,3.5823299351890463,2.5734961391908397
1BD2_E63Q_K66A,1.8704628359496769,1.9614979193668798
1AO7_A594M_G595S_G596A_R597Q,-3.718642053533802,-3.9603114786394
2B2X_V238T_Y450N,-0.07036892456102904,0.18645100508696694
3L5X_N417D_E418L_Y419G,-1.2695700215698635,-0.42982096049536794
1R0R_E279G_K282Q_T286S_R290V_L292F_G301S_N305D_V311A_E312D,2.485553949411942,0.0
1CHO_A250D_G267A,-0.5427008421328418,-0.865738334345279
1MLC_N92A_T242D_S271V_T272D,-0.7319816886951804,-2.7405862021586205
1A22_E88G_Q91Y_F92H_R94T_S95E,2.1242533072517844,0.191828296136121
1DVF_W159A_Q434A,4.258169437840134,4.1647271825171
1AO7_E526A_Y382A,3.2795387453256497,3.42543819190449
2B2X_V238T_E252K_Q426S_Y450N_N428Y,2.4960091939769433,2.95210276196023
1KNE_A3T_T54I,0.5023550527563562,0.602484718287922
1PPF_E228D_A233V_T235S_R239M_V260A_E261D,2.1927666975408897,1.22652556521196
2VN5_S184A_T185F_A156Q_L157Q,3.546144267426937,0.15086328742132002
3SE3_Y328H_N329E_S332Q_L374A,2.1971393838363067,2.8981872782892997
1JTG_K336A_F404A_Y405A_S105A,4.278501391662029,5.066775093816281
1JTG_E335M_K336A_F404A,5.664086906343435,4.55626064161141
1A22_N211A_T212A_Q213A_E214A,-0.43099677132834735,-0.136574198845336
1BRS_R57A_Y137A,5.193976612580691,8.12260559004183
1CHO_E245D_A250V_T252S_R256M_N263S_G267S_N271D_E278D,4.672591188564804,4.41661055103198
3SGB_A194D_G211A_N212S,3.5239495718219898,2.18382674096891
4G0N_R170A_E37A,3.1845149156225734,2.32356625502165
1DQJ_W312A_K521A,5.325609652614721,6.663068416899098
1HE8_K80V_K113A,3.297224448848728,1.67585600439196
4YH7_M630A_Y632A_P643A_F646A,3.6259385790114487,1.7339525646669098
3SE3_Y328H_N329E_S332Q,1.8456304069067917,2.45773479053202
1BRS_H100A_W146F,5.590029510006897,7.64216837476359
4FTV_K450A_T163A,2.2532116922192307,-2.13045908583499
1REW_E98R_E201R,1.270710424506666,0.26882828522862
1PPF_R239V_L241I,1.1363898420683878,-0.293083769828289
2B2X_V238T_E252K_Q426S_Y450N_G288M,2.8109992554631518,1.14586078228007
3SGB_E189D_A194V_Y199D_R200M_K208I_G211H_N215Y_V221A_E222H_L229F,1.2293538703633209,2.3268814599761902
3S9D_D218A_L19A,1.9193718142636067,2.94437574818906
1R0R_E279D_A284V_Y289E_R290M_E312D,1.9280005227423984,2.8645606908242596
1AO7_P598A_Y379A,1.5117083446229989,2.40604594990893
1AO7_Q413L_L375A,1.1975720134838137,2.76269687801103
1OHZ_S151A_T152A_S185A_T186A,1.1613678317230942,0.0
2B2X_V238T_E252K_Q426S_Y450E,2.16659245817884,0.866231864427444
3SE3_Y328H_N329E_S332Q_K388A,1.7016298799012073,2.6815129071933703
1JTG_E79A_S375A,3.1349308206413133,1.8645553426478705
1DVF_Y32A_R436A,3.4283684959624616,4.65267067718557
1JTG_N75A_W412A,1.7990221224088785,4.34946781746849
1BP3_N12R_M14V_L15V_R16L_R19Y,1.19049708501009,0.38309554660494
4G0N_Q177A_S39A,1.1106257133970343,2.0329932498343
1AO7_D409W_A594M_G595S_G596A_R597Q,-0.4645563477320708,-4.03861690781296
1BRS_R81Q_Y137A,7.38720682805128,8.29304340455451
3SE3_Y328M_N329D_S332L,0.6025947797150594,0.7132960763010741
1BJ1_H101Y_S105T,-0.6096306301345455,-1.3440860645496202
1AO7_R597A_Y379A,4.727750867144315,1.88594344185084
2KSO_R43E_H85R,1.398693280686142,-0.821312844303605
1AO7_G411M_S434M_S477T,-1.6452327327794385,-2.126458053485
1BRS_K25A_T150A,4.296314306146519,5.72392506987813
1MHP_L244D_K248E,0.7619075978022213,-0.14186398384194698
1PPF_E228D_L236V_R239M_G250D_E261D,3.796915120172628,1.4026328199625302
4G0N_K195A_E31A,1.1037424529508553,2.0329932498343
1JTG_R217A_S105A_D311A,1.8624523769665116,1.2549386953102502
1REW_W17F_W120F,0.4545117267154337,0.672421112724187
1PPF_K231T_P232E_A233Y,0.3830390179446996,-0.755991170291882
1REW_A23D_D42A_A126D_D145A,0.5172694149024669,-0.18391342162324892
3SGB_A194R_T196P_L197R,7.386666130895304,8.58305803336723
1CHO_E245D_K248M_L253M_L258V,1.5582705884053087,0.526875928891851
3S9D_I217A_M119A,3.1693466810302366,4.0353352438920895
1PPF_A233V_T235S_R239M_N246S_K247Q_G250S_K252E_E261D,1.362286440764631,1.94209593215137
1QAB_L58H_L173H_L291H_L405H,1.6379711743992704,-0.071900480481489
2VN5_S184A_T185F_N81A,2.7420864810221315,0.59282634248952
1CHO_T252P_L253K,3.4193525907173212,8.36606915030068
1R0R_E279D_T286L_R290M_G301D_N305S_E312D_T318S,3.5998394999393852,3.81807537476446
1A4Y_R465A_D435A,7.314739083805827,6.77343406951427
2B2X_E252K_Q426S_Y450N_G290S,2.539870885244372,2.7118841543211096
3S9D_I161A_R115A,3.4187201209508347,4.27118793653589
1HE8_K80V_D117A,1.6919582369591883,0.9443291978705692
3SE3_Y328H_N329E_S332Q_Q361A,3.2316089756624686,2.28937211643773
4MNQ_A478S_L479G_P480T_G482K,2.622236668581456,0.9231258699273421
3L5X_N417S_E418W_Y419G,-0.4466810610342406,-1.2726197738887701
3BDY_D244N_P246A_R247K_S248T_Y273F_T313S_T314S_K31S_D32G_T55S_N56E_G101V_D103V,-1.578091150618092,-2.7283422121839904
3SGB_E189D_A194V_T196S_R200M_N207S_G211S_N215D_E222D_T228N,3.5464335012727397,3.33692209717364
2QJA_T251A_L255M_G256K_L257Y,1.8014329026333233,0.462206485057919
1JTG_P82A_Y312A,1.0345300310458725,-0.6471605851236889
3S9D_M162V_A116G,2.9213228890149217,5.30029751309734
3SE3_Y328H_N329E_S332A,1.7322106768027845,1.76487011765618
2PYE_T633I_L481T_L482S_D483G_T485S_L675V,2.741890634226673,3.54600918662034
1JTG_E335A_Y312A,1.450463202871522,-1.4963729457285901
1DVF_E205A_Y432A,5.6862540769722685,4.63537158006438
3S9D_W214A_S123A,4.137408939452194,2.75157860149565
1JTG_R217A_S209A,2.4021158587402986,0.739593895841237
1C1Y_K197A_R202G,6.728284162365624,2.62032544418146
2B2X_V238T_E252K_Q426S_Y450N_S489R,2.1646588263630373,3.7720232390336603
1DQJ_W312A_Y444A,3.61503066831414,5.114386340916809
2B2X_V238T_E252K_Q426S_Y450N_T221I_S240T_G241Q_G242F,1.3456803442809824,2.2995564983847996
1EMV_Q15E_L16F_T18K_T19K_N22R_S46D_K55R_E56D_G57D_D58R_D59E_S63E_N67K_T68E_V69I_Q71E,1.2326439825406372,1.42300053409556
1JRH_S224G_E225G_I227R,0.7639311915706309,-3.3792172419749202
1A22_N109D_V110D_D112H,2.1069525026441016,0.346296087547575
1JTG_S209A_K208A,3.2401928276743863,2.09372320248659
1CZ8_L222M_Y101H_T105S,2.298597002535159,1.10240641551961
3QDJ_D410Y_L678W,-1.6400716013606158,-1.91395870984008
3VR6_R2108K_R2559K_R3014K,2.1376227366195675,1.21315968715753
1REW_H28D_S77A_H131D_S180A,-0.4751982567493297,0.18339650242182198
1JTG_F404A_E79A_Y80A,3.657400604960398,1.50500403258612
3D3V_L681A_Y383A,1.2058608581638086,4.39033905866636
3VR6_L477A_L1069A_L1651A_V478A_V1070A_V1652A,3.0324423490132384,-0.22198787741879802
1KNE_A3K_T54I,0.7136554871959533,1.39803472175934
3SGB_R200M_K208Q_G211S_E222D,2.154072757945467,2.10495283071823
1R0R_E279D_L287V_R290M_E312D,0.19754749195228646,2.3825200862487
1AO7_S414A_Y379A,2.2034594338039533,1.70949125696491
3S9D_E193A_R115A,3.6256453006999014,4.65860796937604
3MZW_N570A_N587T_S597K_D601E_A606S_A610S_A618S,0.3855991142879664,-0.679909667251351
1JTG_K336A_E79A,2.767115333875659,1.57684855274039
1R0R_E279D_K282R_A284D_R290M_E312D,3.1641946359160453,5.7712932125446
4RA0_G447D_A452V,3.0630610376972482,1.51791902866185
2B2X_E252K_Q426S_Y450N_S223V,2.2619903124738108,3.7720232390336603
1CHO_D242N_E245D_A250V_T252S_E254L_R256M_V277A_E278D,2.7335590108157426,6.45986896657768
1BRS_H100A_E182A,6.835294046203619,7.5630574363106104
4K71_G503R_A545V,1.5346522120644903,1.6679944808823002
1JTG_K336A_F404A_Y405A_R217A,4.0809645408457005,5.2578373871946384
1JRH_A273L_V274M,0.43916954720173773,0.6339466786040829
2VN5_S184A_T185F_L77A,2.25016097608847,3.15073074016083
2C5D_R32E_R413E,1.7134130566866703,1.71240648173365
3S9D_E193A_S123A,2.136269270161256,3.5437007150738595
3KUD_K195A_T35A,2.3439220746186757,3.04066041036655
1JTG_K336A_F404A_S105A,4.900559063055713,5.16185924497763
1A22_D11A_M14V_H18Q_R19H_F25A_Q29K_E33R,0.71236543558576,0.74715969196842
3MZW_N587T_D601E,1.1473306946114377,0.21388307272295395
3HFM_Y33A_K526A,4.29482930934844,7.23151195261179
3MZW_N570A_N587T,1.0080729924345972,0.3424833694522961
2WPT_D29E_D30L_N31V_R35T_E36H_R39E_L40M_D45S_R54K_D55E_D56G_R57D_E58D,-5.517365178095196,-5.20186939687155
1JTG_E143A_W424A,2.788873461183353,2.0774671823930704
2B2X_V238T_E252K_Q426S_Y450N_S223Q,2.0006958168201106,3.7720232390336603
1QAB_S100E_S215E_S333E_S447E,-0.9722027960497086,1.6644362000133899
3SE3_Y328H_N329E_S332Q_N336A,3.0897945978326513,3.03098186633327
1BJ1_H101Y_Y103R_G104D_S105N,-0.2453959307610734,-0.9958506889079659
3G6D_K316T_K321T,3.0238986966284047,-0.13300734891600802
1R0R_L287M_G301D,1.549454785806849,2.39325969121071
3L5X_N417D_E418W_Y419G,-1.0841384121746829,-1.6832761960405702
1BD2_D413N_Y379A,2.425178347570508,1.4770017878534298
3S9D_I217A_L19A,3.02015768495944,3.03570262424876
1AHW_K566A_D567A,2.102626196726345,1.18200118575428
3L5X_N417S_E418H_Y419G,-0.018626987745476442,-1.2462842389726
1GUA_D30E_E31K,1.191388574124167,2.01504613588292
1JTG_K208A_S105A_R217A_D311A,2.280349201808568,1.4909703457085801
2B2X_V238T_E252K_Q426S_Y450N_L447F,1.8719719983978715,1.7562796904937
1PPF_L236M_S269N,1.20247915016752,1.25759758358699
1REW_H28D_H131D,0.6840898954865422,0.19565234250263008
1R0R_E279D_T286S_E288D_R290M_N297S_G301S_E312D_G323E,1.8566132316464632,1.2981567082553702
3SGB_E189D_L197M_R200M_G211D_E222D,2.578155608160273,1.9727509910816399
1JTG_K336A_Y405A_Y80A,3.914505220950335,3.39514762424887
1LFD_M17K_D38K_D45K,3.2417250478909136,-1.80224122903304
3SGB_E189D_A194V_T196S_R200M_N207S_G211S_N215D_E222D,3.286693974091909,3.3669553333122098
4E6K_E85A_E242A,0.9113033728378788,3.0725745186517597
3MZW_N570A_N587T_S597K_A606S_N607E_A610S_A618S,-0.5551640856421006,-0.253240054525262
1CZ8_L222M_D28T_H31N_Y101H_T105S_L72I_T74K,2.199224038739522,1.8721691969171
2B2X_E252K_Q426S_Y450N,1.997096844890984,0.7803654139681719
1REW_A23D_A126D,-1.0572194989270078,0.0
1CHO_T252R_L253R,6.2526735724846025,7.226585088594461
1JTG_N75A_F404A,2.2122810283020446,2.29360421249984
2B2X_V238T_E252K_Q426S_Y450N_H429K,2.6709569423039863,2.20836907201004
1R0R_L287M_H321R_K324E,-0.456831995322213,-0.9173604782788001
4MNQ_K380A_A478S_L479G_P480T_G482K,2.0131293544042785,3.632457296500181
4G0N_T179A_E37A,2.036622973829485,2.80708367636011
5XCO_D13G_D182A,3.8698977438560966,2.797382902798509
4G0N_N175A_V45A,0.7716880643411911,0.0
1LFD_S20A_D125A,1.5334586635096326,3.1699991696046
1REW_S77A_S180A,0.3134395392630703,0.203264250001103
1BRS_K25A_W146F,5.457774904941665,5.11316980664183
1JTG_F404A_R217A,3.7780315881056894,3.39514762424887
4G0N_T179A_S39A,1.0410574441531135,1.9372704198314301
1DAN_D435A_D449A,3.1725724500997914,3.8579641508747597
2B2X_V238T_E252K_Q426S_Y450N_G241A,1.823382921408196,1.55651720443187
1JTG_F404A_S105A,2.212772503288023,2.8431511044178097
4JEU_L705A_E706A,3.0272502743549943,1.1937332915793202
2VN5_S184A_T185F_T35A,0.4511450736602399,0.303823374790305
1LFD_D45K_D81K,2.6491538220085284,-0.70139563634115
1GC1_Q40A_D63A,1.1416484627354846,-0.499246794576118
3SGB_T196P_L197K,2.439105382605682,6.320304740300387
3SGB_E189D_A194V_E198D_R200M_G211S_E222D_L227I_K234R,2.2294616219081576,1.08637811156709
3UIH_K58Y_H76W,-0.3925826418822552,-1.07240243554676
2B2X_V238T_E252K_Q426S_Y450N_T221I_S240T_G241N_G242N,2.8487123465735973,2.95210276196023
4JFD_A380G_T385A,1.410130149033828,0.016232576610398
1CHO_E245D_A250V_T252S_R256M_N263S_G267S_N271D_V276F_E278D_T284S,4.503002778824066,4.23321404861015
4G0N_R178A_S39A,1.4782477551805828,2.22685118818756
2G2U_E338M_S395K_S411M,-1.895292809715344,-3.50969933589381
1JTG_R217A_S209A_D311A,1.4164287329477498,0.408048412142415
1DAN_D435A_W436A,1.5175792169398807,1.50721078423855
2G2U_E338M_F407W_Y408F,-1.6080125690392444,-1.10809241602875
1JTG_E79K_F404A,2.984583678162029,4.55471980333391
3SGB_E189D_K192R_A194V_E198D_R200M_G211S_E222D_L227I_K234R,3.4741759256644715,-0.08147980199977499
2WPT_F161A_V34A,2.394385226066882,3.11275285807198
2B2X_V238T_E252Q_Q426S_Y450N_L248D,0.9886024238637172,1.0866896176642802
2B2X_V238T_E252K_Q426S_Y450N_L447W,1.8227565011372624,2.95210276196023
1JTG_E79A_Y80A,3.133002612834753,1.02700992173387
1DAN_S572A_R573A,2.7662463902904126,0.6385655791252509
4G0N_Y32C_C116S_A196K,0.3644317287612256,-0.6418297856402261
1A22_K182A_K185A,0.8939010207718581,0.24021860763912
1JTG_M104A_F298A,3.0125089643490943,3.63132217534105
1R0R_K282S_P283D_A284Y,-0.9953209781939006,-1.9298587135595802
1CHO_R256M_K264Q_G267S_E278D,0.8452669216283658,3.00071160199239
1A4Y_W438A_S439A_E440A,2.386404828485861,1.7856985118478301
1JTG_K336A_F404A_Y405A_E79A,2.3700933551078034,2.38898268770154
1MLC_S271V_T272D,-1.0042684098099983,-0.9881708776304252
1JTG_E143A_W374A,2.15133601302688,2.7952178058732997
1KNE_D40F_T54K,0.5972634104452901,-0.20635499197177692
3SGB_E189D_A194V_T196S_R200M_V221A_E222D,1.7661087496375374,1.50491649454594
1HE8_K80V_K112A,2.4424257892052954,2.16224756108394
1K8R_D30K_E31K,-0.13858591814394314,0.409664870483118
1AO7_A594M_G595S_G596A_R597E,-2.9089772685545343,-3.90384477354299
1A22_Y111V_L113I_K115E_D116Q_E118K_E119R_Q122E_T123G_G126L_R127I_E129S,2.736587061869855,0.251722891125745
3SGB_E189D_L197V_R200M_G211D_E222D,3.29579559360522,4.02972440340025
2VN5_S184A_T185F_N37A,0.7328781245658874,1.1865808668781201
2B2X_V238T_E252K_Q426S_Y450N_S489Q,2.442532157955124,2.8185085550934703
4G0N_Q177A_R41A,2.3294287884834124,1.25851353277985
2C5D_D823G_G863R,1.4730655927951526,-0.5610889920087171
1JTG_V427K_D425K_D397K_N351K,-0.7715318437099931,-3.36055579419019
1AO7_Q413V_L375A,1.3229502965438522,0.7237116216204309
1AO7_W478A_A69G,2.3635692550109884,2.9054585831447204
1REW_F38A_P39A_F141A_P142A,1.4395618801141536,2.8837121115106
2KSO_R43E_H85E,0.8193168303836592,0.454561837265787
4G0N_T35A_N182R_A196K,0.6280030997377165,1.9676246749372
1CHO_E245D_A250V_T252S_R256M_N263S_G267S_N271D_E278D_T284N,4.469355121212327,4.27355583202469
1KNE_D40F_T54L,0.030459508406000577,0.295628306239728
3S9D_I161A_M119A,3.1259327498194645,4.23505161648738
1YCS_M37L_V107A_N143Y_N172D,-0.6917125049488101,-0.138972793148944
4RS1_L95A_F99A,3.989873289903748,4.12290213228885
1PPF_A233D_L236A_Y238D,6.924615269464259,8.73791455476477
3SGB_L197M_S230N_H231R_K234Q,0.7883560074831214,0.227956698976412
3L5X_H416Q_N417D_E418L_Y419G,-0.7018487026019771,-1.78593137103674
1GUA_R171A_E37A,2.6468636496135134,1.30081464405286
1AO7_G411M_S477T,-1.3426200287215195,-1.74726665269694
1CHO_K248S_P249D_A250Y,0.21536451973000756,-1.0332770265091
1AO7_D409W_R410F_S434M_S477T_A594M_G595S_G596A_R597Q,-2.002288936683437,-3.4511177224563996
3SGB_T196K_L197R,5.012264466661974,5.3072826178679104
1DVF_D207A_D382A,2.300071327787921,4.321657734631589
1LFD_Y18A_D125A,2.1398188864629573,4.70808289186376
1BP3_S57T_T60A_S62T_N63G_R64K_E65D_T67A_K70R_N72D_L73V,2.003465862498736,2.29945505981187
4GU0_L768A_T770A_R774A,2.9195002406723125,0.916396995464953
1JTG_M104A_Y312A,0.4871992659263283,0.35808927404525
3VR6_R3253A_R3254A,3.9734116867287232,1.4000882835510902
3SGB_A194R_L197R,5.791842864900622,5.15641933044659
1CHO_E245G_K248Q_P249S_T252P_L253Q_E254D_R256V_L258F_G267S_V277A_E278D,2.6430701667602383,7.50530209126352
4KRO_D321T_F323A,1.1818711375541102,0.127027553613685
2G2U_E338M_K339A,0.8289957695272068,0.47307746866195294
1EFN_T13H_E14H,-0.18531913069328185,0.9839034979530492
1AO7_G595S_G596A_R597E,-1.4398733797255918,-3.45411142252897
1R0R_R290M_K298Q_G301S_E312D,-0.2580795560528316,1.11173656084615
1AO7_D409A_E58A,0.9749084314835856,0.749596098351034
1PPF_E228D_A233V_T235S_R239M_N246S_G250S_V260A_E261D,1.3926123893591245,1.6139455980521002
1CZ8_L222M_D28T_H31N_T105K_Y103I_G104A,1.6857708663125075,1.364171106092
1JRH_V253A_R258K,4.538248368750514,-0.21370170061569002
4G0N_T179A_D38A,1.959460700002768,3.0006708070267005
1B3S_A102H_F140Y,-1.650888935502015,-5.54970160680609
1JTG_K336A_Y80A,5.365645657732594,3.32233637958534
1R0R_E279D_L287M_R290M_G301D_E312D,2.928389643446016,2.0329103631631598
1PPF_E228D_T235R_L236M_R239M_E261D,3.643068197877112,4.62074239275131
2C5D_D823G_V828A_G863R,2.2809749445037166,-0.869932388536782
1LFD_Y18A_S126A,2.8484193157715403,3.93849331671915
1R0R_E279D_A284V_T286S_E288D_R290M_K298T_G301N_N305I_E312D_L317I,2.4937084286801467,1.7748275282438002
1BRS_E71A_D147A,6.453826195780345,7.1853234827120325
2B2X_V238T_E252K_Q426S_Y450N_Y247E,2.2169400308936567,1.58793165586824
1CHO_E245D_L253V_R256M_G267D_E278D,4.782849624621571,9.51916450650541
3KUD_K195A_T35A_N181R,1.5297001677870796,1.5169224733659101
3SE3_Y328H_N329E_S332Q_K378A,2.470302502745114,2.6107695598604796
3SGB_A194D_L197A_Y199D,5.7201381129764295,5.76851974846126
3S9D_M162V_L19A,5.464788701507783,4.31671873534083
2VN5_S184A_T185F,0.11694833746632376,0.255810349158647
3KUD_K195A_F171W_R177L_N181R_V198I,2.0298750422951017,1.9666558243799201
1JTG_F404A_K208A,4.309878004304815,3.39514762424887
1JTG_F404A_E79A,4.268766688441035,2.7478887927679403
1VFB_Y50A_D241A,1.7095701399445,1.26649079666426
1JTG_K336A_F404A_E79A_Y80A,2.6886356115997634,3.1302399449591296
1MLC_N32G_N92A_S271V_T272D,-0.0877380519916953,-1.7357505993815905
3SGB_A194V_T196S,1.1523786973941508,1.60769029042222
1KNE_D40I_T54F,0.2411759762373377,1.0953950676100699
1R0R_E279D_A284V_T286S_Y289D_R290M_N297S_G301S_E312D,2.732153947335032,5.3314939326409405
1LFD_H40A_D120A,1.013871110231037,2.2015542971113398
2B2X_V238T_E252K_Q426S_Y450N_S489T,1.4467801007393781,3.36136681688186
3S9D_D218A_F20A,1.2674978070784138,2.38482759445783
1QAB_D99A_D214A_D332A_D446A,0.4361247184579568,1.7057868376292802
2B2X_V238T_E252K_Q426S_Y450N_G288F,2.9373843011073864,1.6177639156046102
4FTV_E63Q_D477A,3.9126823515022178,-0.004539884159318
1R0R_E279D_A284V_T286S_R290M_N297S_G301S_N305D_E312D,-0.26660051419708064,0.11502811591207301
3SGB_L197M_T228N_K234T,0.91794002930749,0.27762655724590996
1PPF_R239M_K247Q_G250S_E261D,0.9712261622443128,0.071384182423762
3L5X_E418H_Y419G,0.7072302993821399,-0.7629918278851321
1KNE_D40I_T54L,0.13687532470115987,0.5767218774557371
3SGB_E189D_R200M_K208Q_G211S_N215S_E222D,1.5159046567264989,1.6952435742098102
2VN5_S184A_T185F_T35A_N37A_N81A,2.4158893451649197,3.05988769588282
1BJ1_H101Y_Y103R_G104N_S105T,-1.318446403692815,-0.7629918278851341
1A22_K338A_D340A_K341A_E342A_E344A,0.7187807360947206,1.1202380537856398
2B2X_V238T_E252K_Q426S_Y450N_N428V,1.9900804898777509,2.09348037296736
3VR6_L477A_L1069A_L1651A_V478A_V1070A_V1652A_L3258N,3.3917135908614515,-0.07911093845297901
3L5X_N417S_E418Y_Y419G,-0.6585884871294826,-0.964618526733135
3S9D_I217A_R115A,2.818929796688438,3.5254699848535402
1TM1_T320A_E322A,1.9837477123705476,3.39039591293136
2VN5_S184A_T185F_I83A,2.292968862881669,0.919372201718515
1AO7_G411I_S477T,-0.6055848861998777,-0.899618273477164
1PPF_E228G_K231Q_P232S_T235P_L236Q_E237D_R239V_L241F_G250S_V260A_E261D,1.5567839432362074,6.03460925042737
3EG5_T251N_S252N_H253N_H104F,0.7792865375428863,-1.32741811567921
1BRS_R81Q_E186A,2.8611013304195856,5.76404483643275
1VFB_W159A_D342A,5.359146020582118,2.24837876900917
2PCC_A380G_V197A,1.3322655179692933,2.10268171038302
1BJ1_T28D_N31H,0.13459054123505015,-0.6932110347586949
4L3E_Y435A_Q155A,2.9360897116698426,1.09051373184192
1LFD_D38K_D43K_E44K,-0.1733542701329776,-1.20281816595069
4RS1_D28K_D92K,3.1011964359794337,4.12290213228885
2DVW_R232A_R233A_R236A,3.2342778740229745,2.7901467175121804
1R0R_P283S_A284L_T286K_L287R,5.422623758496809,4.89276391142802
3S9D_I217A_L124A,3.3629900813862665,3.34674599353775
5XCO_D13G_P183A,1.0393993062152964,2.1223228013735302
1JTG_E85A_S375A,3.045485133155412,4.565590786937942
1A22_R127D_L128V_E129H,1.037376156275722,0.316418228274237
3SGB_Y190H_Y199D_T209I_G211S_N215D_V221L,4.664847799440687,5.6128859585329405
1JTG_E85V_E143G,0.4932593383733032,-0.742201905850626
1BP3_F97R_A98G_N99M_S100Q_L101D_V102A_Y103P_G104E,3.1851507994992287,0.38309554660494
1LFD_S20A_Y127F,0.4009510299422844,1.79918405176265
