SMILES,nAcid,nBase,nAromAtom,nAromBond,nAtom,nHeavyAtom,nSpiro,nBridgehead,nHetero,nH,nB,nC,nN,nO,nS,nP,nF,nCl,nBr,nI,nX,ATS0dv,ATS1dv,ATS2dv,ATS3dv,ATS4dv,ATS5dv,ATS6dv,ATS7dv,ATS8dv,ATS0d,ATS1d,ATS2d,ATS3d,ATS4d,ATS5d,ATS6d,ATS7d,ATS8d,ATS0Z,ATS1Z,ATS2Z,ATS3Z,ATS4Z,ATS5Z,ATS6Z,ATS7Z,ATS8Z,ATS0m,ATS1m,ATS2m,ATS3m,ATS4m,ATS5m,ATS6m,ATS7m,ATS8m,ATS0v,ATS1v,ATS2v,ATS3v,ATS4v,ATS5v,ATS6v,ATS7v,ATS8v,ATS0se,ATS1se,ATS2se,ATS3se,ATS4se,ATS5se,ATS6se,ATS7se,ATS8se,ATS0pe,ATS1pe,ATS2pe,ATS3pe,ATS4pe,ATS5pe,ATS6pe,ATS7pe,ATS8pe,ATS0are,ATS1are,ATS2are,ATS3are,ATS4are,ATS5are,ATS6are,ATS7are,ATS8are,ATS0p,ATS1p,ATS2p,ATS3p,ATS4p,ATS5p,ATS6p,ATS7p,ATS8p,ATS0i,ATS1i,ATS2i,ATS3i,ATS4i,ATS5i,ATS6i,ATS7i,ATS8i,AATS0dv,AATS1dv,AATS2dv,AATS3dv,AATS0d,AATS1d,AATS2d,AATS3d,AATS0Z,AATS1Z,AATS2Z,AATS3Z,AATS0m,AATS1m,AATS2m,AATS3m,AATS0v,AATS1v,AATS2v,AATS3v,AATS0se,AATS1se,AATS2se,AATS3se,AATS0pe,AATS1pe,AATS2pe,AATS3pe,AATS0are,AATS1are,AATS2are,AATS3are,AATS0p,AATS1p,AATS2p,AATS3p,AATS0i,AATS1i,AATS2i,AATS3i,ATSC0dv,ATSC1dv,ATSC2dv,ATSC3dv,ATSC4dv,ATSC5dv,ATSC6dv,ATSC7dv,ATSC8dv,ATSC0d,ATSC1d,ATSC2d,ATSC3d,ATSC4d,ATSC5d,ATSC6d,ATSC7d,ATSC8d,ATSC0Z,ATSC1Z,ATSC2Z,ATSC3Z,ATSC4Z,ATSC5Z,ATSC6Z,ATSC7Z,ATSC8Z,ATSC0m,ATSC1m,ATSC2m,ATSC3m,ATSC4m,ATSC5m,ATSC6m,ATSC7m,ATSC8m,ATSC0v,ATSC1v,ATSC2v,ATSC3v,ATSC4v,ATSC5v,ATSC6v,ATSC7v,ATSC8v,ATSC0se,ATSC1se,ATSC2se,ATSC3se,ATSC4se,ATSC5se,ATSC6se,ATSC7se,ATSC8se,ATSC0pe,ATSC1pe,ATSC2pe,ATSC3pe,ATSC4pe,ATSC5pe,ATSC6pe,ATSC7pe,ATSC8pe,ATSC0are,ATSC1are,ATSC2are,ATSC3are,ATSC4are,ATSC5are,ATSC6are,ATSC7are,ATSC8are,ATSC0p,ATSC1p,ATSC2p,ATSC3p,ATSC4p,ATSC5p,ATSC6p,ATSC7p,ATSC8p,ATSC0i,ATSC1i,ATSC2i,ATSC3i,ATSC4i,ATSC5i,ATSC6i,ATSC7i,ATSC8i,AATSC0dv,AATSC1dv,AATSC2dv,AATSC3dv,AATSC0d,AATSC1d,AATSC2d,AATSC3d,AATSC0Z,AATSC1Z,AATSC2Z,AATSC3Z,AATSC0m,AATSC1m,AATSC2m,AATSC3m,AATSC0v,AATSC1v,AATSC2v,AATSC3v,AATSC0se,AATSC1se,AATSC2se,AATSC3se,AATSC0pe,AATSC1pe,AATSC2pe,AATSC3pe,AATSC0are,AATSC1are,AATSC2are,AATSC3are,AATSC0p,AATSC1p,AATSC2p,AATSC3p,AATSC0i,AATSC1i,AATSC2i,AATSC3i,MATS1dv,MATS2dv,MATS3dv,MATS1d,MATS2d,MATS3d,MATS1Z,MATS2Z,MATS3Z,MATS1m,MATS2m,MATS3m,MATS1v,MATS2v,MATS3v,MATS1se,MATS2se,MATS3se,MATS1pe,MATS2pe,MATS3pe,MATS1are,MATS2are,MATS3are,MATS1p,MATS2p,MATS3p,MATS1i,MATS2i,MATS3i,GATS1dv,GATS2dv,GATS3dv,GATS1d,GATS2d,GATS3d,GATS1Z,GATS2Z,GATS3Z,GATS1m,GATS2m,GATS3m,GATS1v,GATS2v,GATS3v,GATS1se,GATS2se,GATS3se,GATS1pe,GATS2pe,GATS3pe,GATS1are,GATS2are,GATS3are,GATS1p,GATS2p,GATS3p,GATS1i,GATS2i,GATS3i,nBonds,nBondsO,nBondsS,nBondsD,nBondsT,nBondsA,nBondsM,nBondsKS,nBondsKD,C1SP1,C2SP1,C1SP2,C2SP2,C3SP2,C1SP3,C2SP3,C3SP3,C4SP3,FCSP3,SZ,Sm,Sv,Sse,Spe,Sare,Sp,Si,MZ,Mm,Mv,Mse,Mpe,Mare,Mp,Mi,fragCpx,nHBAcc,nHBDon,FilterItLogS,VMcGowan,apol,bpol,nRing,n3Ring,n4Ring,n5Ring,n6Ring,n7Ring,n8Ring,n9Ring,n10Ring,n11Ring,n12Ring,nG12Ring,nHRing,n3HRing,n4HRing,n5HRing,n6HRing,n7HRing,n8HRing,n9HRing,n10HRing,n11HRing,n12HRing,nG12HRing,naRing,n3aRing,n4aRing,n5aRing,n6aRing,n7aRing,n8aRing,n9aRing,n10aRing,n11aRing,n12aRing,nG12aRing,naHRing,n3aHRing,n4aHRing,n5aHRing,n6aHRing,n7aHRing,n8aHRing,n9aHRing,n10aHRing,n11aHRing,n12aHRing,nG12aHRing,nARing,n3ARing,n4ARing,n5ARing,n6ARing,n7ARing,n8ARing,n9ARing,n10ARing,n11ARing,n12ARing,nG12ARing,nAHRing,n3AHRing,n4AHRing,n5AHRing,n6AHRing,n7AHRing,n8AHRing,n9AHRing,n10AHRing,n11AHRing,n12AHRing,nG12AHRing,nFRing,n4FRing,n5FRing,n6FRing,n7FRing,n8FRing,n9FRing,n10FRing,n11FRing,n12FRing,nG12FRing,nFHRing,n4FHRing,n5FHRing,n6FHRing,n7FHRing,n8FHRing,n9FHRing,n10FHRing,n11FHRing,n12FHRing,nG12FHRing,nFaRing,n4FaRing,n5FaRing,n6FaRing,n7FaRing,n8FaRing,n9FaRing,n10FaRing,n11FaRing,n12FaRing,nG12FaRing,nFaHRing,n4FaHRing,n5FaHRing,n6FaHRing,n7FaHRing,n8FaHRing,n9FaHRing,n10FaHRing,n11FaHRing,n12FaHRing,nG12FaHRing,nFARing,n4FARing,n5FARing,n6FARing,n7FARing,n8FARing,n9FARing,n10FARing,n11FARing,n12FARing,nG12FARing,nFAHRing,n4FAHRing,n5FAHRing,n6FAHRing,n7FAHRing,n8FAHRing,n9FAHRing,n10FAHRing,n11FAHRing,n12FAHRing,nG12FAHRing,nRot,RotRatio,SLogP,SMR,TopoPSA(NO),TopoPSA,GGI1,GGI2,GGI3,GGI4,GGI5,GGI6,GGI7,GGI8,GGI9,GGI10,JGI1,JGI2,JGI3,JGI4,JGI5,JGI6,JGI7,JGI8,JGI9,JGI10,JGT10,VAdjMat,MW,AMW
NC1=CC(C2=CC=C(OC)C=C2)=NO1,0,0,11,11,24,14,0,0,4,10,0,10,2,2,0,0,0,0,0,0,0,216,222,282,215,166,138,110,80,28,80,95,142,134,116,97,70,42,30,596,670,912,831,690,550,406,300,201,2357.13,2560.538,3450.342,3024.662,2425.991,1922.629,1423.122,1062.051,679.59,5465.416,6683.145,9130.319,8831.657,7766.797,6049.87,4057.967,2768.095,2029.358,189.697,200.677,310.534,333.253,330.482,303.143,224.785,151.194,123.661,155.575,169.056,257.465,274.495,268.538,242.254,179.843,122.186,98.816,154.25,166.103,253.655,270.888,264.801,239.583,178.723,121.668,98.367,36.042,44.05,61.011,61.475,57.104,45.484,30.042,20.02,15.671,3910.503,3746.685,5993.365,6571.188,6801.62,6522.97,4861.736,3184.901,2729.393,9,8.88,7.231,5.119,3.333,3.8,3.641,3.19,24.833,26.8,23.385,19.786,98.214,102.422,88.47,72.016,227.726,267.326,234.111,210.278,7.904,8.027,7.962,7.935,6.482,6.762,6.602,6.536,6.427,6.644,6.504,6.45,1.502,1.762,1.564,1.464,162.938,149.867,153.676,156.457,103.333,36.028,1.417,-58,-32.972,11.611,9.972,6.694,-13.889,13.333,6.111,-1.333,-6,-2.889,-0.222,-1.111,-1.889,-2.222,179.333,8.194,30.75,-73.167,-75.972,15.278,21.972,4.861,-0.389,849.763,37.787,148.794,-342.432,-363.459,70.722,102.481,18.132,-5.61,1140.806,38.983,207.313,-268.909,-532.565,-57.827,31.565,-97.791,-78.586,2.23,0.117,-0.116,-0.794,-0.477,-0.115,0.143,0.557,0.284,3.267,0.194,0.076,-1.342,-0.902,0.078,0.367,0.622,0.359,3.549,0.206,0.008,-1.358,-0.915,-0.016,0.356,0.714,0.422,5.278,0.074,0.737,-0.464,-2.332,-0.929,-0.234,-0.516,-0.468,37.212,4.127,-1.094,0.605,-11.74,-11.299,-3.683,-5.43,2.803,4.306,1.441,0.036,-1.381,0.556,0.244,-0.034,-0.143,7.472,0.328,0.788,-1.742,35.407,1.511,3.815,-8.153,47.534,1.559,5.316,-6.403,0.093,0.005,-0.003,-0.019,0.136,0.008,0.002,-0.032,0.148,0.008,0,-0.032,0.22,0.003,0.019,-0.011,1.551,0.165,-0.028,0.014,0.335,0.008,-0.321,0.44,-0.062,-0.257,0.044,0.106,-0.233,0.043,0.108,-0.23,0.033,0.112,-0.135,0.05,-0.032,-0.203,0.057,0.014,-0.235,0.056,0.001,-0.219,0.014,0.086,-0.05,0.106,-0.018,0.009,0.481,0.953,1.253,0.656,1.216,1.273,0.736,0.77,1.118,0.74,0.767,1.114,0.869,0.824,1.056,0.825,1.055,1.205,0.762,0.936,1.187,0.787,0.967,1.186,0.996,0.924,1.027,1.044,1.042,1.016,25,15,14,0,0,11,11,20,5,0,0,1,7,1,0,0,0,0,0.1,16.667,15.836,15.655,24.427,23.71,24.056,16.271,27.077,0.694,0.66,0.652,1.018,0.988,1.002,0.678,1.128,43.04,4,1,-2.77,140.24,27.172,12.934,2,0,0,1,1,0,0,0,0,0,0,0,1,0,0,1,0,0,0,0,0,0,0,0,2,0,0,1,1,0,0,0,0,0,0,0,1,0,0,1,0,0,0,0,0,0,0,0,0,0,0,0,0,0,0,0,0,0,0,0,0,0,0,0,0,0,0,0,0,0,0,0,0,0,0,0,0,0,0,0,0,0,0,0,0,0,0,0,0,0,0,0,0,0,0,0,0,0,0,0,0,0,0,0,0,0,0,0,0,0,0,0,0,0,0,0,0,0,0,0,0,0,0,0,0,0,0,0,0,0,0,0,0,0,0,0,0,0,2,0.133,1.932,52.903,61.28,61.28,3,1.556,0.597,0.512,0.403,0.126,0.1,0.056,0,0,0.2,0.078,0.035,0.039,0.04,0.018,0.02,0.019,0,0,0.449,4.907,190.074,7.92
NC1=NC(C2=CC=C(N(C)C)C=C2)=CS1,0,0,11,11,28,15,0,0,4,13,0,11,3,0,1,0,0,0,0,0,0,170.444,180.667,227,187.667,136,106,84.667,51.333,24.333,89,105,164,159,147,125,92,61,49,812,812,1172,993,910,748,517,437,419,3216.546,3095.103,4429.369,3553.501,3186.459,2566.149,1783.263,1578.037,1464.719,6389.494,7755.708,10859.129,11034.077,10320.02,8166.617,5352.712,4044.732,3889.322,209.634,224.04,360.522,392.214,448.014,412.668,285.73,182.495,189.246,168.829,186.776,294.944,320.233,357.668,323.166,224.002,147.38,150.993,165.898,182.258,288.978,313.336,351.16,317.514,220.804,145.313,149.009,48.498,56.735,80.521,84.481,84.099,71.041,45.966,31.23,33.789,4539.717,4309.249,7364.296,7934.881,9645.072,9202.42,6455.737,3922.615,4154.885,6.087,6.23,4.83,3.609,3.179,3.621,3.489,3.058,29,28,24.936,19.096,114.877,106.728,94.242,68.337,228.196,267.438,231.045,212.194,7.487,7.726,7.671,7.543,6.03,6.441,6.275,6.158,5.925,6.285,6.148,6.026,1.732,1.956,1.713,1.625,162.133,148.595,156.687,152.594,92.667,34,1.444,-34.556,-25.111,18.222,13,-29.778,-38.444,16.679,7.94,-2.282,-7.224,-0.8,2.226,-1.731,-3.974,-5.356,331.429,21.306,81.245,-144.51,-15.041,27.735,26.367,16.204,-13.633,1498.863,99.018,380.375,-667.038,-91.063,131.933,135.492,62.434,-76.18,1498.146,48.658,565.656,-657.638,-413.416,-0.649,181.828,-178.386,-159.049,0.948,-0.099,0.156,-0.347,-0.138,0.137,0.289,-0.003,-0.107,1.981,-0.061,0.185,-0.754,-0.472,0.411,0.722,-0.095,-0.484,1.967,-0.111,0.033,-0.658,-0.443,0.395,0.752,-0.177,-0.401,9.041,0.595,2.145,-3.671,-0.748,-0.197,0.24,-1.145,0.97,48.826,-4.44,15.222,-14.159,-7.302,-10.757,-0.878,-15.253,14.762,3.31,1.172,0.031,-0.665,0.596,0.274,-0.049,-0.139,11.837,0.735,1.729,-2.779,53.531,3.414,8.093,-12.828,53.505,1.678,12.035,-12.647,0.034,-0.003,0.003,-0.007,0.071,-0.002,0.004,-0.014,0.07,-0.004,0.001,-0.013,0.323,0.021,0.046,-0.071,1.744,-0.153,0.324,-0.272,0.354,0.009,-0.201,0.46,-0.082,-0.233,0.062,0.146,-0.235,0.064,0.151,-0.24,0.031,0.225,-0.236,-0.1,0.098,-0.197,-0.03,0.056,-0.205,-0.055,0.01,-0.18,0.063,0.141,-0.219,-0.088,0.186,-0.156,0.636,1.168,1.227,0.698,1.361,1.354,0.777,0.851,1.047,0.776,0.839,1.057,0.887,0.71,1.175,1.119,1.069,1.067,0.987,1.031,1.074,1.055,1.122,1.057,0.845,0.841,1.106,1.219,0.908,1.179,29,16,18,0,0,11,11,24,5,0,0,1,6,1,0,0,0,0,0.182,19.333,18.259,17.983,27.837,26.804,27.1,19.903,31.492,0.69,0.652,0.642,0.994,0.957,0.968,0.711,1.125,46.04,4,1,-2.814,168.92,33.238,17.782,2,0,0,1,1,0,0,0,0,0,0,0,1,0,0,1,0,0,0,0,0,0,0,0,2,0,0,1,1,0,0,0,0,0,0,0,1,0,0,1,0,0,0,0,0,0,0,0,0,0,0,0,0,0,0,0,0,0,0,0,0,0,0,0,0,0,0,0,0,0,0,0,0,0,0,0,0,0,0,0,0,0,0,0,0,0,0,0,0,0,0,0,0,0,0,0,0,0,0,0,0,0,0,0,0,0,0,0,0,0,0,0,0,0,0,0,0,0,0,0,0,0,0,0,0,0,0,0,0,0,0,0,0,0,0,0,0,0,2,0.125,2.458,66.289,42.15,70.39,3.5,2,0.847,0.552,0.466,0.208,0.122,0.112,0,0,0.219,0.091,0.045,0.037,0.042,0.026,0.017,0.022,0,0,0.499,5,219.083,7.824
O=C(C(C=NC(N1CCN(CC1)C2=CC=C(OC)C=C2)=N3)=C3N)NC4=CC=C(OC)C=C4,0,0,18,18,58,32,0,0,9,26,0,23,6,3,0,0,0,0,0,0,0,460,467,636,628,560,484,472,465,414,192,238,371,423,398,385,355,311,281,1340,1557,2228,2473,2361,2048,1879,1819,1677,5289.573,5921.225,8325.542,9047.627,8349.766,7125.157,6685.56,6532.337,5970.746,12658.123,15786.41,22523.987,25904.507,25325.688,23442.027,20425.346,18372.81,17325.313,449.377,480.92,815.6,999.347,1107.929,1144.47,977.42,860.99,802.743,366.348,404.273,674.903,821.606,903.642,915.745,783.356,698.95,652.148,362.889,396.537,666.521,810.636,893.509,905.863,774.154,693.66,646.964,84.894,105.801,153.968,181.923,186.632,179.508,153.799,131.243,123.581,9547.923,9164.521,16434.68,20392.762,23129.417,25058.215,21254.043,18468.911,16968.414,7.931,7.656,6.175,4.906,3.31,3.902,3.602,3.305,23.103,25.525,21.631,19.32,91.2,97.069,80.831,70.685,218.244,258.794,218.679,202.379,7.748,7.884,7.918,7.807,6.316,6.627,6.552,6.419,6.257,6.501,6.471,6.333,1.464,1.734,1.495,1.421,164.619,150.238,159.56,159.318,235.931,77.624,2.019,-84.331,-72.761,21.629,46.499,-22.042,-50.879,33.103,14.495,-3.925,-19.159,-6.376,6.936,-2.232,-1.713,0.99,427.931,25.9,40.812,-74.503,-200.451,0.836,112.43,3.614,-77.81,2034.568,121.655,203.449,-349.323,-971.336,1.115,524.644,23.847,-356.281,2803.84,-69.393,538.819,-422.598,-1611.719,18.073,37.201,262.294,-33.185,4.26,-0.358,-0.273,-1.417,0.582,0.468,0.687,-0.61,-1.662,6.792,-0.102,-0.158,-1.985,-0.177,0.519,1.818,-0.913,-2.546,7.257,-0.328,-0.2,-2.292,0.434,0.669,1.718,-1.182,-2.859,12.603,-1.482,2.915,-2.25,-5.987,0.381,-1.898,1.019,0.468,91.096,-26.715,23.462,-27.108,-0.175,14.577,-40.784,-1.982,-5.472,4.068,1.273,0.02,-0.659,0.571,0.238,-0.038,-0.15,7.378,0.425,0.396,-0.582,35.079,1.994,1.975,-2.729,48.342,-1.138,5.231,-3.302,0.073,-0.006,-0.003,-0.011,0.117,-0.002,-0.002,-0.016,0.125,-0.005,-0.002,-0.018,0.217,-0.024,0.028,-0.018,1.571,-0.438,0.228,-0.212,0.313,0.005,-0.162,0.416,-0.067,-0.262,0.058,0.054,-0.079,0.057,0.056,-0.078,-0.024,0.108,-0.068,-0.08,-0.036,-0.151,-0.014,-0.013,-0.132,-0.043,-0.016,-0.143,-0.112,0.13,-0.081,-0.279,0.145,-0.135,0.535,1.05,1.165,0.677,1.262,1.433,0.782,0.89,1.013,0.786,0.886,1.012,0.995,0.829,1.024,0.917,1.134,1.118,0.827,1.065,1.092,0.873,1.092,1.116,1.175,0.851,1.068,1.516,0.983,1.237,61,35,42,1,0,18,19,51,10,0,0,3,12,1,4,0,0,0,0.261,38.333,36.175,36.736,58.513,56.631,57.448,38.774,65.771,0.661,0.624,0.633,1.009,0.976,0.99,0.669,1.134,233.09,8,2,-4.894,325.98,64.753,36.123,4,0,0,0,4,0,0,0,0,0,0,0,2,0,0,0,2,0,0,0,0,0,0,0,3,0,0,0,3,0,0,0,0,0,0,0,1,0,0,0,1,0,0,0,0,0,0,0,1,0,0,0,1,0,0,0,0,0,0,0,1,0,0,0,1,0,0,0,0,0,0,0,0,0,0,0,0,0,0,0,0,0,0,0,0,0,0,0,0,0,0,0,0,0,0,0,0,0,0,0,0,0,0,0,0,0,0,0,0,0,0,0,0,0,0,0,0,0,0,0,0,0,0,0,0,0,0,0,0,0,0,0,0,0,0,0,0,0,6,0.171,2.655,124.812,105.84,105.84,6.5,4,1.688,1.52,1.285,0.787,0.373,0.344,0.259,0.153,0.186,0.083,0.033,0.035,0.034,0.022,0.011,0.011,0.009,0.006,0.428,6.129,434.207,7.486
O=C(NC1=NN=C(C2=CC=NC=C2)S1)C3=CC=C(OC)C=C3,0,0,17,17,34,22,0,0,7,12,0,15,4,2,1,0,0,0,0,0,0,332.444,326.333,414,390.667,346.667,338.333,301,238.667,214,124,150,217,219,195,174,148,130,120,1132,1142,1682,1578,1565,1333,1097,931,862,4500.718,4430.728,6464.351,5927.047,5787.493,4947.15,4104.633,3453.46,3176.816,8728.574,10514.312,14501.729,14630.656,13402.015,11352.47,9399.289,8600.152,8098.125,269.983,286.226,448.25,497.3,510.156,471.939,365.603,305.833,310.015,222.908,241.656,373.538,410.611,418.38,383.396,299.544,253.155,255.544,219.983,236.179,366.42,403.215,411.751,378.501,295.825,249.365,252.839,61.705,72.385,101.178,105.402,99.5,84.581,69.103,60.784,55.435,5444.12,5290.055,8530.576,9683.243,10072.14,9803.736,7492.617,6010.988,6100.663,9.778,9.065,7.393,6.201,3.647,4.167,3.875,3.476,33.294,31.722,30.036,25.048,132.374,123.076,115.435,94.08,256.723,292.064,258.959,232.233,7.941,7.951,8.004,7.894,6.556,6.713,6.67,6.518,6.47,6.561,6.543,6.4,1.815,2.011,1.807,1.673,160.121,146.946,152.332,153.702,141.059,32.323,-24.456,-36.857,-26.196,51.301,36.391,-31.432,-67.17,18.118,6.228,-2.135,-6.571,0.779,4.381,-1.689,-4.014,-1.661,360.118,20.052,70.689,-41.159,-88.633,50.734,16.253,-102.661,-52.543,1631.288,94.051,311.546,-187.259,-417.709,252.083,95.505,-457.449,-255.099,1613.679,9.691,118.566,-272.142,-611.981,347.464,286.27,-175.968,-9.067,2.667,-0.056,0.053,-0.629,-0.649,0.023,0.926,-0.658,-0.845,4.01,0.112,-0.133,-0.711,-1.145,0.462,1.401,-0.836,-1.821,4.372,0.085,-0.282,-0.763,-1.222,0.348,1.591,-0.865,-1.949,9.933,0.192,0.344,-0.876,-3.042,0.811,1.115,-1.493,0.844,60.928,-1.706,-5.379,-10.706,-24.551,-3.432,7.783,3.342,16.432,4.149,0.898,-0.437,-0.585,0.533,0.173,-0.038,-0.104,10.592,0.557,1.262,-0.653,47.979,2.613,5.563,-2.972,47.461,0.269,2.117,-4.32,0.078,-0.002,0.001,-0.01,0.118,0.003,-0.002,-0.011,0.129,0.002,-0.005,-0.012,0.292,0.005,0.006,-0.014,1.792,-0.047,-0.096,-0.17,0.216,-0.105,-0.141,0.325,-0.072,-0.196,0.053,0.119,-0.062,0.054,0.116,-0.062,0.006,0.045,-0.091,-0.02,0.012,-0.127,0.026,-0.02,-0.096,0.018,-0.039,-0.094,0.018,0.021,-0.048,-0.026,-0.054,-0.095,0.527,0.992,1.054,0.683,1.122,1.258,0.673,0.803,0.988,0.668,0.796,0.984,0.812,0.832,1.018,0.755,0.949,1.079,0.671,0.926,1.009,0.703,0.967,1.018,0.853,0.951,1.019,1.08,1.084,1.072,36,24,18,1,0,17,18,27,9,0,0,4,7,2,0,0,0,0,0.067,27,26.005,23.899,34.718,33.831,34.248,25.123,37.994,0.794,0.765,0.703,1.021,0.995,1.007,0.739,1.117,114.07,6,1,-4.484,218.94,41.956,19.952,3,0,0,1,2,0,0,0,0,0,0,0,2,0,0,1,1,0,0,0,0,0,0,0,3,0,0,1,2,0,0,0,0,0,0,0,2,0,0,1,1,0,0,0,0,0,0,0,0,0,0,0,0,0,0,0,0,0,0,0,0,0,0,0,0,0,0,0,0,0,0,0,0,0,0,0,0,0,0,0,0,0,0,0,0,0,0,0,0,0,0,0,0,0,0,0,0,0,0,0,0,0,0,0,0,0,0,0,0,0,0,0,0,0,0,0,0,0,0,0,0,0,0,0,0,0,0,0,0,0,0,0,0,0,0,0,0,0,4,0.167,2.861,84.087,77,105.24,4,2.222,1.035,0.863,0.636,0.253,0.274,0.125,0.06,0.069,0.167,0.069,0.034,0.033,0.028,0.013,0.015,0.008,0.004,0.006,0.377,5.585,312.068,9.178
CN(C)C(C=C1)=CC2=C1N=C(S2)NC3=CN=C(OC)C=C3,0,0,15,16,37,21,0,0,6,16,0,15,4,1,1,0,0,0,0,0,0,280.444,290.333,381.667,337.333,255.333,243.667,216.667,188,171.667,126,151,236,235,224,194,175,144,122,1072,1123,1677,1616,1480,1338,1055,897,771,4248.815,4306.983,6392.878,5958.444,5321.534,4834.972,3716.128,3236.728,2777.847,8636.518,10543.212,14937.095,15734.294,14577.351,12538.424,10805.044,8971.523,7888.715,283.505,305.693,504.751,543.386,613.171,545.584,451.124,351.818,337.309,230.434,256.333,415.884,447.574,493.34,434.924,359.936,289.315,273.432,227.093,250.529,409.189,438.869,485.165,427.326,352.869,285.29,269.887,62.841,74.223,106.821,117.437,115.45,103.062,86.996,65.316,59.123,5998.339,5775.348,10155.633,10787.3,12951.761,11719.558,9489.691,7215.985,7174.792,7.58,7.444,5.964,4.819,3.405,3.872,3.688,3.357,28.973,28.795,26.203,23.086,114.833,110.435,99.889,85.121,233.419,270.339,233.392,224.776,7.662,7.838,7.887,7.763,6.228,6.573,6.498,6.394,6.138,6.424,6.394,6.27,1.698,1.903,1.669,1.678,162.117,148.086,158.682,154.104,145.477,53.797,-1.141,-38.231,-32.358,48.391,20.445,-67.395,-7.159,22.108,10.832,0.137,-5.799,2.358,1.841,-6.743,-6.131,-2.453,397.297,32.119,140.972,-118.076,-15.056,55.765,-152.563,-75.929,-6.651,1810.216,148.528,655.094,-546.492,-86.283,264.087,-646.528,-380.286,-36.156,1895.138,-50.909,878.03,-640.111,-300.547,116.184,-42.988,-572.047,-65.482,2.046,-0.115,0.02,-0.5,-0.531,0.992,0.042,-0.117,-0.406,3.513,0.123,0.02,-0.859,-1.077,1.597,0.645,-0.949,-0.627,3.676,0.019,-0.179,-0.789,-1.181,1.777,0.782,-0.94,-0.732,10.942,-0.442,4.955,-2.747,-0.224,0.142,-3.686,-2.526,0.126,63.734,-18.034,20.01,-14.283,-10.535,4.209,-11.406,-1.068,-0.337,3.932,1.379,-0.018,-0.546,0.598,0.278,0.002,-0.083,10.738,0.824,2.203,-1.687,48.925,3.808,10.236,-7.807,51.22,-1.305,13.719,-9.144,0.055,-0.003,0,-0.007,0.095,0.003,0,-0.012,0.099,0,-0.003,-0.011,0.296,-0.011,0.077,-0.039,1.723,-0.462,0.313,-0.204,0.351,-0.005,-0.139,0.465,0.004,-0.139,0.077,0.205,-0.157,0.078,0.209,-0.16,-0.025,0.268,-0.179,-0.053,0.006,-0.129,0.033,0.003,-0.129,0.005,-0.028,-0.113,-0.038,0.262,-0.133,-0.268,0.182,-0.118,0.562,1.111,1.09,0.647,1.17,1.198,0.73,0.778,1.145,0.728,0.767,1.137,0.925,0.638,1.108,0.962,1.247,1.054,0.826,1.156,1.038,0.884,1.234,1.041,0.959,0.704,1.146,1.391,0.908,1.214,39,23,23,0,0,16,16,32,7,0,0,2,9,0,0,0,0,0,0.2,26.333,25.009,24.268,37.163,35.933,36.368,26.24,41.615,0.712,0.676,0.656,1.004,0.971,0.983,0.709,1.125,109.06,6,1,-4.486,221.67,43.821,24.807,3,0,0,1,2,0,0,0,0,0,0,0,2,0,0,1,1,0,0,0,0,0,0,0,3,0,0,1,2,0,0,0,0,0,0,0,2,0,0,1,1,0,0,0,0,0,0,0,0,0,0,0,0,0,0,0,0,0,0,0,0,0,0,0,0,0,0,0,0,0,0,0,1,0,0,0,0,0,1,0,0,0,0,1,0,0,0,0,0,1,0,0,0,0,1,0,0,0,0,0,1,0,0,0,0,1,0,0,0,0,0,1,0,0,0,0,0,0,0,0,0,0,0,0,0,0,0,0,0,0,0,0,0,0,0,0,0,0,4,0.174,3.51,88.019,50.28,78.52,5,2,1.354,0.956,0.657,0.425,0.128,0.209,0.121,0.065,0.217,0.063,0.045,0.04,0.031,0.022,0.008,0.015,0.01,0.007,0.459,5.524,300.104,8.111
CCC1=CC=C(C=C1)NC(NC2=CNC3=CC=CC=C23)=O,0,0,15,16,38,21,0,0,4,17,0,17,3,1,0,0,0,0,0,0,0,266,287,392,351,310,286,234,202,160,125,156,240,253,224,189,159,146,145,840,981,1402,1409,1262,1086,900,856,798,3314.319,3721.675,5233.001,5076.092,4453.923,3833.815,3221.508,3104.232,2808.385,8674.544,10872.273,15496.557,16114.771,14246.277,11516.373,9813.678,9738.67,9655.89,286.359,307.79,501.971,634.519,624.897,586.307,447.181,374.002,393.14,232.381,257.928,415.321,515.541,504.91,469.261,360.177,304.408,317.892,229.055,252.062,407.004,507.329,497.523,464.984,356.717,299.75,313.025,59.243,74.774,110.319,118.565,106.911,86.19,70.913,70.273,72.086,6118.276,5900.642,9946.37,13244.008,13240.233,12777.823,9600.694,7738.933,8219.606,7,7.175,5.939,4.179,3.289,3.9,3.636,3.012,22.105,24.525,21.242,16.774,87.219,93.042,79.288,60.43,228.277,271.807,234.796,191.843,7.536,7.695,7.606,7.554,6.115,6.448,6.293,6.137,6.028,6.302,6.167,6.04,1.559,1.869,1.671,1.411,161.007,147.516,150.703,157.667,129.579,38.391,20.731,-21.964,-2.133,30.011,-6.831,-27.562,-56.898,20.553,7.313,-1.355,-6.853,-3.786,2.749,1.762,-2.818,-2.204,263.579,6.496,15.679,-31.438,-49.501,53.485,15.485,-17.036,-68.476,1260.832,33.349,64.506,-150.856,-246.053,251.853,85.424,-76.416,-320.816,1933.092,112.651,-230.206,-269.066,-767.514,172.871,508.313,73.108,-189.2,1.826,-0.181,1.058,-0.196,-0.17,0.298,-0.737,-0.437,-0.588,3.256,-0.219,1.454,-0.331,-0.171,0.76,-0.981,-0.689,-1.186,3.354,-0.29,1.735,-0.328,-0.232,0.733,-1.191,-0.774,-1.192,8.694,0.482,-1.116,-1.236,-4.582,0.118,2.673,0.585,-0.04,59.69,-0.144,-5.814,-8.407,-34.871,-2.604,14.885,4.503,4.116,3.41,0.96,0.314,-0.261,0.541,0.183,-0.021,-0.082,6.936,0.162,0.238,-0.374,33.18,0.834,0.977,-1.796,50.871,2.816,-3.488,-3.203,0.048,-0.005,0.016,-0.002,0.086,-0.005,0.022,-0.004,0.088,-0.007,0.026,-0.004,0.229,0.012,-0.017,-0.015,1.571,-0.004,-0.088,-0.1,0.281,0.092,-0.077,0.338,-0.038,-0.151,0.023,0.034,-0.054,0.025,0.029,-0.054,0.055,-0.069,-0.063,-0.094,0.333,-0.049,-0.064,0.257,-0.046,-0.082,0.298,-0.044,0.053,-0.074,-0.064,-0.002,-0.056,-0.064,0.56,0.837,1.057,0.72,1.241,1.2,0.821,0.845,1.007,0.822,0.853,1.007,0.87,1.019,1.016,0.873,0.445,1.027,0.862,0.549,1.022,0.893,0.51,1.029,0.923,1.059,1.026,1.155,1.134,1.083,40,23,23,1,0,16,17,32,8,0,0,1,11,2,1,1,0,0,0.118,24.667,23.257,24.594,37.867,36.592,37.044,26.244,42.612,0.649,0.612,0.647,0.996,0.963,0.975,0.691,1.121,109.04,1,3,-5.28,219.22,43.827,19.633,3,0,0,1,2,0,0,0,0,0,0,0,1,0,0,1,0,0,0,0,0,0,0,0,3,0,0,1,2,0,0,0,0,0,0,0,1,0,0,1,0,0,0,0,0,0,0,0,0,0,0,0,0,0,0,0,0,0,0,0,0,0,0,0,0,0,0,0,0,0,0,0,1,0,0,0,0,0,1,0,0,0,0,1,0,0,0,0,0,1,0,0,0,0,1,0,0,0,0,0,1,0,0,0,0,1,0,0,0,0,0,1,0,0,0,0,0,0,0,0,0,0,0,0,0,0,0,0,0,0,0,0,0,0,0,0,0,0,3,0.13,4.374,86.76,56.92,56.92,4,2,1.292,0.759,0.542,0.305,0.212,0.095,0.073,0.069,0.174,0.065,0.045,0.032,0.027,0.017,0.012,0.006,0.006,0.008,0.39,5.524,279.137,7.346
CC=1C=C(N2CC(O)CC2C=3C=CC(F)=CC3)N4N=CN=C4N1,0,0,15,16,39,23,0,0,7,16,0,16,5,1,0,0,1,0,0,0,1,360,367,531,504,449,416,432,347,227,144,184,300,326,325,332,302,227,140,982,1137,1745,1789,1746,1797,1747,1371,866,3922.371,4372.098,6627.46,6533.323,6386.069,6480.991,6171.758,4837.117,2998.341,8883.616,11338.757,17052.55,18454.044,18549.016,19568.806,18707.648,14110.817,8861.669,308.504,333.189,579.302,741.811,760.574,794.199,853.698,755.963,512.54,255.362,281.933,484.965,611.434,620.441,649.357,694.841,607.651,413.398,253.624,276.625,478.295,604.885,612.767,641.076,687.772,603.539,412.394,58.74,75.343,115.098,129.711,133.119,141.174,137.298,104.72,66.414,6532.598,6327.702,11573.854,15320.617,16110.053,16676.876,18035.663,16610.367,11319.501,9.231,8.738,7.274,5.362,3.692,4.381,4.11,3.468,25.179,27.071,23.904,19.032,100.574,104.098,90.787,69.503,227.785,269.97,233.597,196.32,7.91,7.933,7.936,7.892,6.548,6.713,6.643,6.505,6.503,6.586,6.552,6.435,1.506,1.794,1.577,1.38,167.503,150.66,158.546,162.985,170.359,53.024,17.149,-40.045,-15.604,-93.102,-56.295,16.457,-12.624,25.436,8.3,0.594,-1.974,-5.209,-15.69,-10.46,-3.377,8.068,292.359,16.819,37.61,-97.917,35.807,-94.769,-142.936,55.226,-32.496,1404.942,78.969,177.363,-467.862,164.584,-447.077,-682.539,263.443,-149.565,1830.152,-25.062,26.521,-383.382,204.638,-384.579,-987.785,149.405,77.363,3.684,-0.133,0.307,-0.99,-0.264,-0.693,-0.52,-0.06,0.151,5.98,0.022,0.758,-1.883,-0.149,-1.465,-1.267,0.34,-0.232,6.614,-0.057,0.799,-1.942,-0.293,-1.563,-1.182,0.126,-0.079,8.538,-0.545,-0.387,-0.816,0.505,-1.385,-4.103,-0.535,1.584,85.076,-16.488,-0.141,-7.783,-6.076,-0.503,-13.593,-21.984,13.197,4.368,1.262,0.235,-0.426,0.652,0.198,0.008,-0.021,7.496,0.4,0.515,-1.042,36.024,1.88,2.43,-4.977,46.927,-0.597,0.363,-4.079,0.094,-0.003,0.004,-0.011,0.153,0.001,0.01,-0.02,0.17,-0.001,0.011,-0.021,0.219,-0.013,-0.005,-0.009,2.181,-0.393,-0.002,-0.083,0.289,0.054,-0.098,0.303,0.012,-0.032,0.053,0.069,-0.139,0.052,0.067,-0.138,-0.013,0.008,-0.087,-0.033,0.045,-0.112,0.003,0.068,-0.131,-0.008,0.065,-0.122,-0.059,-0.024,-0.04,-0.18,-0.001,-0.038,0.465,0.822,1.039,0.783,1.156,1.113,0.692,0.77,1.067,0.691,0.768,1.064,0.938,0.912,1.03,0.723,0.728,1.068,0.652,0.7,1.065,0.674,0.709,1.061,1.079,0.986,1.004,1.237,1.009,1.02,42,26,26,0,0,16,16,35,7,0,0,1,7,1,2,3,0,0,0.312,27.333,26.087,25.486,39.706,38.675,39.26,26.496,44.533,0.701,0.669,0.653,1.018,0.992,1.007,0.679,1.142,170.07,6,1,-3.008,220.29,44.248,22.864,4,0,0,2,2,0,0,0,0,0,0,0,3,0,0,2,1,0,0,0,0,0,0,0,3,0,0,1,2,0,0,0,0,0,0,0,2,0,0,1,1,0,0,0,0,0,0,0,1,0,0,1,0,0,0,0,0,0,0,0,1,0,0,1,0,0,0,0,0,0,0,0,1,0,0,0,0,0,1,0,0,0,0,1,0,0,0,0,0,1,0,0,0,0,1,0,0,0,0,0,1,0,0,0,0,1,0,0,0,0,0,1,0,0,0,0,0,0,0,0,0,0,0,0,0,0,0,0,0,0,0,0,0,0,0,0,0,0,2,0.077,1.884,82.63,66.55,66.55,5,2.667,1.597,1.512,0.903,0.596,0.377,0.128,0.112,0.032,0.192,0.07,0.044,0.042,0.025,0.019,0.016,0.009,0.016,0.008,0.441,5.7,313.134,8.029
Cc1nc(N(CC2)CCN2c2ncccc2)nc(CCC2)c1C2=O,0,0,12,12,45,24,0,0,6,21,0,18,5,1,0,0,0,0,0,0,0,322,342,478,469,367,276,246,242,226,151,194,315,364,334,301,270,239,199,978,1182,1763,1954,1845,1529,1249,1118,972,3855.04,4484.967,6549.722,7075.206,6531.724,5154.065,4206.307,3820.267,3360.676,9709.025,12493.56,18539.316,21149.339,19908.804,18115.243,15794.615,13486.567,11104.347,341.177,370.32,670.926,873.852,878.001,861.922,773.971,748.74,626.252,276.727,310.641,553.227,711.314,714.681,696.788,615.156,588.246,493.656,273.514,303.85,545.061,702.399,706.518,690.253,605.825,581.336,489.612,66.23,85.812,130.746,152.852,146.655,138.106,127.417,109.494,86.418,7407.221,7107.938,13836.193,18537.287,18585.74,18641.853,17003.489,17074.52,14238.235,7.156,7.125,5.494,4.114,3.356,4.042,3.621,3.193,21.733,24.625,20.264,17.14,85.668,93.437,75.284,62.063,215.756,260.282,213.096,185.521,7.582,7.715,7.712,7.665,6.149,6.472,6.359,6.24,6.078,6.33,6.265,6.161,1.472,1.788,1.503,1.341,164.605,148.082,159.037,162.608,172.578,74.984,39.816,-47.175,-145.53,-162.994,31.261,110.233,49.366,26,10.667,1.667,-11,-17.667,-7.889,-2.222,8.444,7.333,320.578,29.473,48.861,-0.175,-120.641,-286.216,-61.428,142.144,112.255,1530.872,137.228,230.048,5.301,-581.186,-1350.18,-308.022,668.221,545.386,2227.92,-90.765,196.378,156.402,-944.233,-913.159,-968.041,407.899,931.702,2.326,0.006,0.429,-0.721,-0.294,-1.638,0.613,1.007,-0.357,4.208,0.329,0.874,-0.914,-0.943,-3.951,0.683,2.263,0.087,4.381,0.226,0.933,-1.155,-0.875,-3.766,0.914,2.258,-0.216,9.861,-1.288,0.556,0.469,-4.118,-0.806,-4.884,0.218,3.704,71.717,-27.726,10.882,-6.213,-29.661,42.638,-35.236,-8.822,3.418,3.835,1.562,0.458,-0.414,0.578,0.222,0.019,-0.096,7.124,0.614,0.562,-0.002,34.019,2.859,2.644,0.047,49.509,-1.891,2.257,1.372,0.052,0,0.005,-0.006,0.094,0.007,0.01,-0.008,0.097,0.005,0.011,-0.01,0.219,-0.027,0.006,0.004,1.594,-0.578,0.125,-0.054,0.407,0.119,-0.108,0.385,0.033,-0.167,0.086,0.079,0,0.084,0.078,0.001,-0.038,0.046,0.028,0.002,0.096,-0.122,0.073,0.107,-0.086,0.048,0.11,-0.104,-0.122,0.029,0.019,-0.362,0.078,-0.034,0.436,0.892,1.193,0.67,1.138,1.343,0.773,0.862,0.979,0.78,0.864,0.976,1.041,0.908,0.919,0.735,0.851,1.213,0.68,0.856,1.152,0.71,0.871,1.19,1.199,0.948,0.934,1.591,1.061,1.088,48,27,35,1,0,12,13,41,7,0,0,2,6,1,5,3,0,0,0.444,28.667,26.925,28.194,44.969,43.427,44.02,30.158,51.024,0.637,0.598,0.627,0.999,0.965,0.978,0.67,1.134,177.06,6,0,-4.336,246.71,50.365,28.775,4,0,0,0,4,0,0,0,0,0,0,0,3,0,0,0,3,0,0,0,0,0,0,0,2,0,0,0,2,0,0,0,0,0,0,0,2,0,0,0,2,0,0,0,0,0,0,0,2,0,0,0,2,0,0,0,0,0,0,0,1,0,0,0,1,0,0,0,0,0,0,0,1,0,0,0,0,0,0,1,0,0,0,1,0,0,0,0,0,0,1,0,0,0,0,0,0,0,0,0,0,0,0,0,0,0,0,0,0,0,0,0,0,0,0,0,1,0,0,0,0,0,0,1,0,0,0,1,0,0,0,0,0,0,1,0,0,0,2,0.074,2.026,92.701,62.22,62.22,4,2.889,1.75,1.191,0.819,0.443,0.205,0.168,0.148,0.087,0.148,0.076,0.044,0.034,0.03,0.02,0.01,0.009,0.009,0.006,0.387,5.755,323.175,7.182
CC(CN(CC1)C(Nc(cc2)ccc2C(C)=O)=O)N1c1ccc(C)cc1,0,0,12,12,51,26,0,0,5,25,0,21,3,2,0,0,0,0,0,0,0,330,334,438,414,360,331,285,279,278,159,197,319,366,350,324,289,255,226,1056,1231,1806,2011,1877,1682,1426,1322,1252,4155.472,4631.676,6684.24,7148.645,6435.482,5745.444,4862.456,4598.989,4312.859,10833.673,13637.491,19782.255,23109.951,22392.661,20037.55,17349.068,15946.82,14422.002,383.621,405.065,708.751,931.879,1045.845,1040.846,892.179,744.988,737.725,308.944,337.933,581.277,758.195,838.874,824.99,707.094,593.595,586.825,305.025,330.154,571.598,747.105,827.554,815.415,699.239,584.77,579.801,74.599,95.033,141.352,169.712,171.724,157.501,136.18,123.64,112.916,8290.246,7770.834,14518.352,19349.287,22288.238,22885.961,19798.428,16184.084,16079.402,6.471,6.302,4.71,3.393,3.118,3.717,3.43,3,20.706,23.226,19.419,16.484,81.48,87.39,71.874,58.595,212.425,257.311,212.712,189.426,7.522,7.643,7.621,7.638,6.058,6.376,6.25,6.215,5.981,6.229,6.146,6.124,1.463,1.793,1.52,1.391,162.554,146.62,156.111,158.601,184.98,69.883,6.016,-99.09,-69.339,3.995,-9.503,23.215,51.94,30.353,11.457,-7.055,-13.962,-7.727,3.737,-0.713,-4.817,4.021,362.98,19.589,69.114,-135.424,-163.75,12.407,0.713,10.843,16.881,1733.568,91.778,324.783,-641.606,-783.56,55.667,10.077,45.257,64.431,2606.153,-36.58,308.69,-629.982,-1168.372,-135.942,294.147,-243.104,-440.227,2.835,-0.032,0.866,-0.999,-1.009,0.184,-0.261,0.044,1.261,4.774,0.169,1.413,-1.968,-1.912,0.449,-0.475,0.317,1.717,4.943,0.094,1.535,-1.986,-1.933,0.496,-0.517,0.239,1.937,11.686,-0.715,1.137,-2.01,-5.113,-0.947,1.898,-2.12,-2.771,75.481,-16.361,7.769,3.145,-27.994,-11.985,13.613,-19.053,-23.363,3.627,1.319,0.065,-0.812,0.595,0.216,-0.076,-0.114,7.117,0.37,0.743,-1.11,33.992,1.732,3.492,-5.259,51.101,-0.69,3.319,-5.164,0.056,-0.001,0.009,-0.008,0.094,0.003,0.015,-0.016,0.097,0.002,0.017,-0.016,0.229,-0.013,0.012,-0.016,1.48,-0.309,0.084,0.026,0.364,0.018,-0.224,0.363,-0.127,-0.192,0.052,0.104,-0.156,0.051,0.103,-0.155,-0.014,0.065,-0.101,-0.011,0.167,-0.147,0.034,0.162,-0.172,0.018,0.17,-0.168,-0.059,0.053,-0.072,-0.209,0.056,0.017,0.515,1.022,1.278,0.824,1.461,1.343,0.847,0.849,1.137,0.854,0.852,1.135,1.044,0.916,1.059,0.697,0.687,1.219,0.707,0.748,1.234,0.717,0.747,1.252,1.148,0.946,1.045,1.431,1.092,1.086,53,28,39,2,0,12,14,45,8,0,0,0,11,2,6,1,0,0,0.333,31.333,29.261,31.476,50.749,48.843,49.484,33.918,57.482,0.614,0.574,0.617,0.995,0.958,0.97,0.665,1.127,134.05,3,1,-4.325,281.45,56.644,30.806,3,0,0,0,3,0,0,0,0,0,0,0,1,0,0,0,1,0,0,0,0,0,0,0,2,0,0,0,2,0,0,0,0,0,0,0,0,0,0,0,0,0,0,0,0,0,0,0,1,0,0,0,1,0,0,0,0,0,0,0,1,0,0,0,1,0,0,0,0,0,0,0,0,0,0,0,0,0,0,0,0,0,0,0,0,0,0,0,0,0,0,0,0,0,0,0,0,0,0,0,0,0,0,0,0,0,0,0,0,0,0,0,0,0,0,0,0,0,0,0,0,0,0,0,0,0,0,0,0,0,0,0,0,0,0,0,0,0,3,0.107,3.94,105.025,52.65,52.65,6,3.556,1.688,1.538,0.896,0.606,0.361,0.283,0.177,0.087,0.214,0.091,0.042,0.045,0.03,0.023,0.014,0.013,0.009,0.005,0.487,5.807,351.195,6.886
C1(=NN=C(SCC(=O)NC2=CC=C3C(OCO3)=C2)N1C)C1C=COC=1C,0,0,16,16,42,26,0,0,9,16,0,17,4,4,1,0,0,0,0,0,0,418.444,422,580.333,426.333,447.333,400.667,317.333,286.667,301.333,156,192,297,283,279,244,212,184,176,1336,1400,2097,2104,1858,1805,1650,1298,1229,5305.247,5416.051,8001.123,7891.416,6714.535,6632.868,5981.557,4702.773,4542.92,10132.724,12505.187,17940.878,18187.971,17339.727,15856.835,13670.843,11454.959,11089.855,338.641,363.603,612.522,646.81,702.204,683.749,631.843,511.72,441.202,278.94,306.936,508.763,534.785,576.545,557.635,508.332,410.752,361.918,276.343,300.854,501.619,526.393,569.184,552.104,502.296,405.486,357.456,70.348,84.034,121.846,128.284,127.207,117.879,106.851,86.158,77.943,6808.282,6679.577,11735.016,12412.25,14122.255,14071.255,13042.757,10549.825,8777.199,9.963,9.378,7.738,5.329,3.714,4.267,3.96,3.538,31.81,31.111,27.96,26.3,126.315,120.357,106.682,98.643,241.255,277.893,239.212,227.35,8.063,8.08,8.167,8.085,6.641,6.821,6.784,6.685,6.58,6.686,6.688,6.58,1.675,1.867,1.625,1.604,162.102,148.435,156.467,155.153,195.958,72.707,12.499,-144.935,-64.679,-19.903,19.954,40.251,-22.606,25.619,11.027,-0.51,-14.846,-11.63,-5.268,2.249,5.209,-0.358,439.905,32.102,52.741,-41.438,-259.943,32.385,-5.819,-35.805,-17.923,2003.318,150,264.882,-224.032,-1190.48,132.691,-24.526,-121.392,-97.425,1992.295,-58.049,492.977,-529.233,-1046.405,-106.579,-78.167,430.636,-204.243,4.285,-0.276,0.205,-1.879,-0.671,0.543,0.318,0.042,-1.241,6.09,0.075,0.634,-3.18,-1.282,0.561,0.366,0.477,-1.913,6.695,-0.058,0.548,-3.643,-1.062,0.842,0.436,0.375,-2.245,11.851,-0.732,0.968,-1.788,-5.344,2.159,-0.187,-0.814,-0.823,70.405,-11.988,4.092,-31.611,-18.314,26.736,5.78,-3.845,-16.459,4.666,1.616,0.167,-1.812,0.61,0.245,-0.007,-0.186,10.474,0.713,0.703,-0.518,47.698,3.333,3.532,-2.8,47.436,-1.29,6.573,-6.615,0.102,-0.006,0.003,-0.023,0.145,0.002,0.008,-0.04,0.159,-0.001,0.007,-0.046,0.282,-0.016,0.013,-0.022,1.676,-0.266,0.055,-0.395,0.346,0.036,-0.388,0.402,-0.011,-0.304,0.068,0.067,-0.049,0.07,0.074,-0.059,-0.027,0.139,-0.139,-0.06,0.027,-0.23,0.012,0.058,-0.274,-0.008,0.046,-0.286,-0.058,0.046,-0.079,-0.159,0.033,-0.236,0.444,0.94,1.311,0.64,1.142,1.38,0.669,0.935,1.017,0.666,0.915,1.016,0.897,0.775,1.057,0.849,1.004,1.202,0.731,0.927,1.206,0.775,0.961,1.235,0.994,0.994,1.105,1.284,1.037,1.292,45,29,28,1,0,16,17,37,8,0,0,3,8,1,2,0,0,0,0.235,32.333,31.005,28.413,43.155,41.98,42.568,29.681,47.243,0.77,0.738,0.676,1.027,1,1.014,0.707,1.125,191.09,8,1,-4.517,252.3,49.567,28.007,4,0,0,3,1,0,0,0,0,0,0,0,3,0,0,3,0,0,0,0,0,0,0,0,3,0,0,2,1,0,0,0,0,0,0,0,2,0,0,2,0,0,0,0,0,0,0,0,1,0,0,1,0,0,0,0,0,0,0,0,1,0,0,1,0,0,0,0,0,0,0,0,1,0,0,0,0,0,1,0,0,0,0,1,0,0,0,0,0,1,0,0,0,0,0,0,0,0,0,0,0,0,0,0,0,0,0,0,0,0,0,0,0,0,0,0,1,0,0,0,0,0,1,0,0,0,0,1,0,0,0,0,0,1,0,0,0,0,5,0.172,2.843,95.361,91.41,116.71,5,3.333,1.951,1.218,0.691,0.416,0.26,0.206,0.171,0.124,0.172,0.081,0.053,0.037,0.023,0.017,0.012,0.009,0.008,0.007,0.419,5.858,372.089,8.859
C1CCN(C2=NC=C(C3N=C(C4CN5C(=CN=C5)CC4)ON=3)C=C2)CC1,0,0,16,16,48,26,0,0,7,22,0,19,6,1,0,0,0,0,0,0,0,352,389,544,440,433,402,361,300,249,166,217,350,385,356,297,248,223,211,1064,1322,1961,1964,1847,1532,1301,1190,1121,4196.516,5033.675,7275.251,7015.831,6440.148,5399.078,4695.576,4303.815,3992.577,10406.939,13582.281,20612.996,21976.982,20152.532,16685.166,14144.614,12935.324,12193.592,365.638,405.42,735.448,955.203,997.673,803.441,601.065,536.872,544.374,297.311,340.963,608.01,771.143,803.265,646.452,487.11,436.121,441.379,294.029,334.02,598.805,760.394,796.686,640.44,480.915,429.887,436.805,70.674,92.434,145.082,163.793,151.045,124.084,104.135,95.568,89.429,7930.173,7749.439,14997.203,20479.606,21870.484,17477.322,12737.678,11348.064,11806.051,7.333,7.481,5.726,3.465,3.458,4.173,3.684,3.031,22.167,25.423,20.642,15.465,87.427,96.801,76.582,55.243,216.811,261.198,216.979,173.047,7.617,7.797,7.742,7.521,6.194,6.557,6.4,6.072,6.126,6.423,6.303,5.987,1.472,1.778,1.527,1.29,165.212,149.028,157.865,161.257,183.25,78.688,54.859,-7.891,-49.344,-8.859,23.734,3.984,-58.266,25.917,8.299,-3.127,-6.28,0.809,3.807,0.22,-0.293,-2.043,343.25,41.312,12.359,11.484,-64.344,-6.859,26.609,16.359,-25.516,1638.216,190.716,53.559,50.222,-299.403,-27.014,120.595,69.833,-116.996,2347.671,-86.845,-78.262,-286.494,10.121,173.231,-25.856,-289.69,68.175,2.55,0.387,0.481,-0.3,-0.568,-0.435,0.734,0.545,-0.54,4.616,0.85,0.718,-0.066,-1.236,-0.661,1.138,0.932,-0.897,4.83,0.831,0.832,-0.276,-1.236,-0.768,1.343,1.035,-1.03,10.37,-1.28,-0.538,-2.617,1.1,1.03,-0.176,-1.884,0.462,77.775,-26.596,3.23,-40.249,25.208,5.463,9.657,-24.711,8.577,3.818,1.513,0.577,-0.062,0.54,0.16,-0.033,-0.049,7.151,0.794,0.13,0.09,34.13,3.668,0.564,0.395,48.91,-1.67,-0.824,-2.256,0.053,0.007,0.005,-0.002,0.096,0.016,0.008,-0.001,0.101,0.016,0.009,-0.002,0.216,-0.025,-0.006,-0.021,1.62,-0.511,0.034,-0.317,0.396,0.151,-0.016,0.296,-0.061,-0.092,0.111,0.018,0.013,0.107,0.017,0.012,-0.034,-0.017,-0.046,0.14,0.095,-0.044,0.17,0.079,-0.005,0.159,0.087,-0.022,-0.114,-0.026,-0.095,-0.316,0.021,-0.196,0.451,0.814,0.952,0.715,1.212,1.157,0.748,0.906,0.943,0.755,0.908,0.946,1.022,0.977,1.042,0.739,0.866,0.901,0.663,0.869,0.892,0.691,0.877,0.898,1.186,1.024,1.098,1.546,1.118,1.185,52,30,36,0,0,16,16,45,7,0,0,5,3,1,3,5,1,0,0.474,31,29.175,30.223,48.076,46.482,47.128,32.216,54.522,0.646,0.608,0.63,1.002,0.968,0.982,0.671,1.136,250.07,7,0,-4.347,259.92,53.801,30.647,5,0,0,2,3,0,0,0,0,0,0,0,5,0,0,2,3,0,0,0,0,0,0,0,3,0,0,2,1,0,0,0,0,0,0,0,3,0,0,2,1,0,0,0,0,0,0,0,2,0,0,0,2,0,0,0,0,0,0,0,2,0,0,0,2,0,0,0,0,0,0,0,1,0,0,0,0,0,1,0,0,0,0,1,0,0,0,0,0,1,0,0,0,0,0,0,0,0,0,0,0,0,0,0,0,0,0,0,0,0,0,0,0,0,0,0,1,0,0,0,0,0,1,0,0,0,0,1,0,0,0,0,0,1,0,0,0,0,3,0.1,3.048,96.882,72.87,72.87,4,3.111,0.944,0.882,0.771,0.416,0.165,0.167,0.143,0.052,0.133,0.074,0.024,0.026,0.027,0.016,0.007,0.008,0.007,0.003,0.325,5.907,350.186,7.296
[O-][N+](=O)C=1C=CC(=CC1)C(=O)NC2=NN=C(S2)C=3C=CN=CC3,0,0,17,17,32,23,0,0,9,9,0,14,5,3,1,0,0,0,0,0,0,396.444,364.333,492,450.667,410.667,378.333,329,350.667,250.667,127,154,216,220,194,164,139,128,119,1206,1182,1767,1666,1661,1365,1118,1056,864,4805.57,4626.513,6861.102,6318.986,6207.33,5124.842,4242.508,3990.935,3254.524,8671.511,10344.57,14597.332,14696.798,13204.247,10776.352,9077.443,8547.133,7857.975,265.841,276.918,423.034,496.09,512.506,423.836,313.316,313.265,278.287,222.96,235.949,357.149,412.064,423.075,349.769,262.124,262.483,231.095,220.888,231.344,350.15,405.173,418.084,346.436,258.71,260.409,228.258,59.436,69.967,99.768,103.234,93.405,75.531,63.551,58.014,52.669,5159.264,5083.511,7806.244,9629.204,9982.91,8400.194,6129.424,6024.145,5372.129,12.389,10.716,9.462,7.269,3.969,4.529,4.154,3.548,37.688,34.765,33.981,26.871,150.174,136.074,131.944,101.919,270.985,304.252,280.718,237.045,8.308,8.145,8.135,8.001,6.968,6.94,6.868,6.646,6.903,6.804,6.734,6.535,1.857,2.058,1.919,1.665,161.227,149.515,150.12,155.31,139.556,18.667,-10.444,-14,-52.111,-15.028,8.833,18.694,-50.611,18.219,2.236,-5.48,-6.205,2.826,3.651,-4.697,-0.659,-3.264,324,13.875,39.75,-21.875,-100.375,-53.812,-76.375,-76.688,-20.625,1457.537,64.931,158.67,-95.581,-452.787,-218.593,-331.402,-338.731,-98.815,1325.48,48.578,-293.573,-243.947,-259.305,302.239,-96.32,-44.948,36.419,3.286,0.577,1.041,-0.594,-1.794,-1.472,-0.229,1.297,-0.91,4.555,0.732,0.935,-0.437,-2.436,-1.775,-0.106,1.37,-1.404,5.14,0.933,1.02,-0.574,-2.775,-2.037,-0.039,1.799,-1.582,8.967,1.086,-1.842,-1.497,-1.403,1.489,-0.905,-0.067,0.518,60.914,7.533,-16.101,-15.582,-18.408,-1.311,3.59,16.814,6.149,4.361,0.549,-0.201,-0.226,0.569,0.066,-0.105,-0.1,10.125,0.408,0.764,-0.353,45.548,1.91,3.051,-1.542,41.421,1.429,-5.646,-3.935,0.103,0.017,0.02,-0.01,0.142,0.022,0.018,-0.007,0.161,0.027,0.02,-0.009,0.28,0.032,-0.035,-0.024,1.904,0.222,-0.31,-0.251,0.126,-0.046,-0.052,0.116,-0.185,-0.176,0.04,0.075,-0.035,0.042,0.067,-0.034,0.034,-0.136,-0.095,0.165,0.195,-0.093,0.151,0.126,-0.049,0.171,0.122,-0.058,0.114,-0.126,-0.086,0.116,-0.163,-0.132,0.468,0.76,0.905,0.826,1.178,1.166,0.632,0.769,0.978,0.623,0.764,0.976,0.736,0.979,1.085,0.457,0.509,0.87,0.448,0.554,0.85,0.455,0.576,0.851,0.736,1.086,1.063,0.962,1.202,1.097,34,25,15,2,0,17,19,24,10,0,0,4,7,2,0,0,0,0,0,28,27.252,23.559,33.38,32.784,33.236,24.064,35.871,0.875,0.852,0.736,1.043,1.025,1.039,0.752,1.121,119.09,7,1,-4.355,216.4,40.187,16.373,3,0,0,1,2,0,0,0,0,0,0,0,2,0,0,1,1,0,0,0,0,0,0,0,3,0,0,1,2,0,0,0,0,0,0,0,2,0,0,1,1,0,0,0,0,0,0,0,0,0,0,0,0,0,0,0,0,0,0,0,0,0,0,0,0,0,0,0,0,0,0,0,0,0,0,0,0,0,0,0,0,0,0,0,0,0,0,0,0,0,0,0,0,0,0,0,0,0,0,0,0,0,0,0,0,0,0,0,0,0,0,0,0,0,0,0,0,0,0,0,0,0,0,0,0,0,0,0,0,0,0,0,0,0,0,0,0,0,4,0.16,2.761,84.19,110.91,139.15,4.5,2.667,1.285,0.903,0.698,0.335,0.274,0.174,0.076,0.089,0.18,0.078,0.04,0.032,0.029,0.016,0.014,0.01,0.004,0.007,0.411,5.644,327.043,10.22
CC(C)NC=1C=CC(=CN1)C(=O)NC2=NN=C(S2)C=3C=CN=CC3,0,0,17,17,40,24,0,0,8,16,0,16,6,1,1,0,0,0,0,0,0,338.444,344.333,441,418.667,386.667,358.333,308.333,276.667,238.667,138,166,248,250,236,206,183,165,145,1206,1239,1844,1733,1751,1531,1262,1037,1025,4785.471,4769.793,7040.8,6388.988,6475.82,5637.206,4595.855,3812.418,3828.877,9546.663,11624.071,16145.418,16470.85,15293.74,13736.707,11711.266,10067.983,9573.233,311.449,330.873,532.82,637.894,652.416,543.866,486.655,432.018,351.67,255.42,278.638,441.955,521.861,527.65,445.275,396.091,349.411,290.893,252.193,272.633,433.898,514.266,520.987,439.315,390.481,345.431,286.923,68.049,81.129,115.097,121.773,115.585,101.824,89.001,73.87,65.884,6547.614,6295.01,10592.967,13198.452,13796.363,11231.574,10182.126,9247.6,6934.695,8.461,8.198,6.485,5.106,3.45,3.952,3.647,3.049,30.15,29.5,27.118,21.134,119.637,113.566,103.541,77.914,238.667,276.764,237.433,200.864,7.786,7.878,7.836,7.779,6.385,6.634,6.499,6.364,6.305,6.491,6.381,6.272,1.701,1.932,1.693,1.485,163.69,149.881,155.779,160.957,159.233,53.433,22.464,14.172,28.527,-8.45,30.38,23.09,-58.796,22.4,6.88,-0.88,2.48,2.76,-0.89,1.27,-2.96,-4.94,413.9,23.705,128.97,-20.745,121.41,-48.528,-26.942,72.24,-8.29,1888.582,110.663,575.058,-94.313,570.64,-219.993,-128.883,353.044,-46.315,1950.925,21.979,81.941,-96.326,578.277,-115.052,-397.325,593.69,-176.647,2.408,-0.062,0.801,-0.716,0.562,-0.353,0.777,0.023,-0.457,4.118,0.073,1.117,-0.938,1.1,-0.635,1.091,0.516,-0.648,4.388,0.033,1.016,-1.087,1,-0.688,1.318,0.416,-0.791,11.189,0.334,-0.547,0.186,2.204,-0.581,-2.721,2.357,-1.238,72.56,-6.687,-15.928,-6.931,1.162,-2.707,-5.769,15.995,-10.027,3.981,1.272,0.33,0.173,0.56,0.164,-0.013,0.03,10.348,0.564,1.897,-0.253,47.215,2.635,8.457,-1.15,48.773,0.523,1.205,-1.175,0.06,-0.001,0.012,-0.009,0.103,0.002,0.016,-0.011,0.11,0.001,0.015,-0.013,0.28,0.008,-0.008,0.002,1.814,-0.159,-0.234,-0.085,0.32,0.083,0.043,0.293,-0.023,0.054,0.055,0.183,-0.024,0.056,0.179,-0.024,0.011,0.025,-0.024,-0.025,0.196,-0.145,0.017,0.16,-0.111,0.007,0.136,-0.121,0.028,-0.029,0.008,-0.088,-0.129,-0.047,0.482,0.815,0.912,0.808,1.178,0.945,0.713,0.747,0.966,0.711,0.745,0.966,0.872,0.902,0.971,0.767,0.649,1.13,0.713,0.687,1.088,0.744,0.722,1.106,0.892,1.014,0.945,1.233,1.212,1.054,42,26,24,1,0,17,18,33,9,0,0,6,4,2,2,1,0,0,0.188,29.667,28.341,26.784,40.489,39.318,39.824,28.557,45.196,0.742,0.709,0.67,1.012,0.983,0.996,0.714,1.13,124.08,7,2,-4.994,247.12,47.691,23.939,3,0,0,1,2,0,0,0,0,0,0,0,3,0,0,1,2,0,0,0,0,0,0,0,3,0,0,1,2,0,0,0,0,0,0,0,3,0,0,1,2,0,0,0,0,0,0,0,0,0,0,0,0,0,0,0,0,0,0,0,0,0,0,0,0,0,0,0,0,0,0,0,0,0,0,0,0,0,0,0,0,0,0,0,0,0,0,0,0,0,0,0,0,0,0,0,0,0,0,0,0,0,0,0,0,0,0,0,0,0,0,0,0,0,0,0,0,0,0,0,0,0,0,0,0,0,0,0,0,0,0,0,0,0,0,0,0,0,5,0.192,3.068,94.089,92.69,120.93,5,2.222,1.285,1.023,0.691,0.333,0.368,0.125,0.1,0.082,0.192,0.063,0.04,0.034,0.026,0.015,0.018,0.006,0.006,0.005,0.407,5.7,340.111,8.503
O=C(NC1=NN=C(S1)C=2C=CN=CC2)C=3C=CC(SC4CC4)=CC3,0,0,17,17,38,24,0,0,7,14,0,17,4,1,2,0,0,0,0,0,0,312.889,317,392.667,386.667,361.333,349,271.667,253.333,231.778,142,178,250,249,227,212,188,162,146,1398,1358,2021,1822,1773,1569,1353,1079,1220,5563.154,5273.552,7724.304,6746.952,6589.837,5809.907,5000.223,3983.429,4625.439,10018.162,12414.353,16913.661,16550.068,15404.461,14040.104,11812.589,10179.522,9855.612,293.893,319.255,504.371,575.11,534.791,530.254,473.961,385.177,336.307,240.415,267.997,416.542,465.65,438.413,432.733,382.436,312.015,277.687,235.867,260.629,405.748,454.943,429.437,425.491,375.721,306.603,272.94,75.939,89.986,128.892,129.85,116.957,106.37,91.585,77.048,72.098,5989.422,5903.31,9622.152,11511.467,10454.022,10759.536,9925.381,7969.172,6500.399,8.234,7.732,6.041,5.156,3.737,4.341,3.846,3.32,36.789,33.122,31.092,24.293,146.399,128.623,118.835,89.959,263.636,302.789,260.21,220.668,7.734,7.787,7.76,7.668,6.327,6.537,6.408,6.209,6.207,6.357,6.242,6.066,1.998,2.195,1.983,1.731,157.616,143.983,148.033,153.486,138.807,28.24,3.386,47.477,-22.766,9.848,24.888,17.219,-59.535,20.316,3.291,-5.33,0.64,-4.407,0.277,3.59,-1.784,-5.823,507.053,28.97,44.147,-128.604,-138.357,-27.62,75.704,-14.806,88.731,2257.05,138.008,183.906,-523.002,-624.102,-124.631,344.786,-34.54,342.958,1945.266,104.387,-372.349,130.816,-588.315,-193.835,157.698,401.176,-85.486,2.024,0.066,0.685,-0.13,-0.222,0.016,0.276,-0.117,-0.668,3.365,0.208,0.652,0.547,-0.449,-0.009,0.432,0.264,-1.123,3.538,0.231,0.684,0.615,-0.408,0.047,0.235,0.223,-1.273,13.457,1.196,-1.901,-2.264,-4.26,-0.762,-0.657,0.799,1.789,69.964,5.059,-15.412,-5.436,-21.525,-6.29,-6.165,14.243,-2.779,3.653,0.689,0.052,0.633,0.535,0.08,-0.082,0.009,13.343,0.707,0.679,-1.715,59.396,3.366,2.829,-6.973,51.191,2.546,-5.728,1.744,0.053,0.002,0.011,-0.002,0.089,0.005,0.01,0.007,0.093,0.006,0.011,0.008,0.354,0.029,-0.029,-0.03,1.841,0.123,-0.237,-0.072,0.189,0.014,0.173,0.15,-0.153,0.016,0.053,0.051,-0.129,0.057,0.048,-0.117,0.05,-0.112,0.034,0.03,0.198,-0.033,0.057,0.113,0.082,0.06,0.113,0.088,0.082,-0.083,-0.085,0.067,-0.129,-0.039,0.565,0.852,0.816,0.822,1.191,1.032,0.686,0.955,1.339,0.678,0.943,1.311,0.758,1.01,0.983,0.642,0.577,0.966,0.608,0.657,0.837,0.624,0.664,0.821,0.739,1.091,1.247,0.935,1.145,1.029,41,27,23,1,0,17,18,32,9,0,0,4,7,2,0,3,0,0,0.176,30.667,29.51,26.914,38.352,37.22,37.584,29.178,42.119,0.807,0.777,0.708,1.009,0.979,0.989,0.768,1.108,177.07,6,1,-5.041,246.74,48.727,22.683,4,1,0,1,2,0,0,0,0,0,0,0,2,0,0,1,1,0,0,0,0,0,0,0,3,0,0,1,2,0,0,0,0,0,0,0,2,0,0,1,1,0,0,0,0,0,0,0,1,1,0,0,0,0,0,0,0,0,0,0,0,0,0,0,0,0,0,0,0,0,0,0,0,0,0,0,0,0,0,0,0,0,0,0,0,0,0,0,0,0,0,0,0,0,0,0,0,0,0,0,0,0,0,0,0,0,0,0,0,0,0,0,0,0,0,0,0,0,0,0,0,0,0,0,0,0,0,0,0,0,0,0,0,0,0,0,0,0,5,0.185,4.107,96.414,67.77,121.31,4.5,2.278,1.062,0.953,0.629,0.278,0.327,0.138,0.076,0.056,0.167,0.067,0.033,0.032,0.023,0.013,0.016,0.007,0.004,0.004,0.366,5.755,354.061,9.317
CC(C)C1=NC=2C=C(NC(=O)NC=3C=C(C=CN3)C(=O)N(C)C)C=CC2O1,0,0,15,16,48,27,0,0,8,21,0,19,5,3,0,0,0,0,0,0,0,410,417,592,525,486,446,392,400,305,161,193,303,312,310,265,250,231,199,1142,1286,1889,1988,1859,1666,1526,1381,1181,4511.24,4897.245,7146.99,7271.202,6656.856,5997.15,5452.29,4905.461,4301.219,10565.323,13025.197,18557.29,20218.825,18940.362,17261.583,16143.618,13871.813,12417.056,375.421,393.973,661.447,795.786,897.081,700.407,734.06,701.42,538.503,306.896,331.361,547.761,654.95,726.311,576.394,593.435,566.36,435.924,304.265,324.933,540.763,646.51,721.749,569.502,586.277,563.118,431.097,70.306,87.233,126.39,140.193,133.367,123.346,118.785,102.264,88.718,7904.918,7493.347,13367.399,16021.629,18888.764,14143.511,15464.188,15242.287,11454.07,8.542,8.34,7.048,5.198,3.354,3.86,3.607,3.089,23.792,25.72,22.488,19.683,93.984,97.945,85.083,71.992,220.111,260.504,220.92,200.186,7.821,7.879,7.874,7.879,6.394,6.627,6.521,6.485,6.339,6.499,6.438,6.401,1.465,1.745,1.505,1.388,164.686,149.867,159.136,158.63,209.917,92.545,78.521,-40.116,-86.262,-54.804,18.375,40.156,6.747,30.979,12.438,-1.068,-0.331,-2.743,-12.357,-3.458,0.789,0.197,357.917,17.253,136.937,-76.45,-25.595,-141.804,6.333,38.156,61.122,1698.961,80.978,644.423,-365.25,-93.22,-687.531,18.839,170.4,294.921,2290.923,-80.117,665.061,-709.301,724.351,-1188.34,-558.5,217.092,455.761,3.913,-0.297,1.595,-1.391,-2.084,0.344,0.263,2.103,-0.304,6.046,-0.115,2.658,-1.76,-2.87,-0.184,0.746,2.283,0.002,6.51,-0.29,2.869,-2.116,-3.221,0.209,0.756,2.718,-0.22,10.366,-1.245,2.471,-4.433,4.815,-4.628,-3.824,1.714,1.351,75.435,-23.268,21.754,-39.431,23.367,-10.57,-38.98,26.503,7.141,4.373,1.851,0.935,-0.397,0.645,0.249,-0.013,-0.003,7.457,0.345,1.63,-0.757,35.395,1.62,7.672,-3.616,47.728,-1.602,7.917,-7.023,0.082,-0.006,0.019,-0.014,0.126,-0.002,0.032,-0.017,0.136,-0.006,0.034,-0.021,0.216,-0.025,0.029,-0.044,1.572,-0.465,0.259,-0.39,0.423,0.214,-0.091,0.385,-0.02,-0.005,0.046,0.219,-0.102,0.046,0.217,-0.102,-0.034,0.166,-0.147,-0.073,0.233,-0.169,-0.018,0.251,-0.138,-0.043,0.252,-0.154,-0.115,0.136,-0.203,-0.296,0.165,-0.248,0.401,0.748,1.07,0.789,1.255,1.036,0.754,0.689,1.03,0.76,0.692,1.031,1.003,0.79,1.098,0.803,0.648,1.196,0.742,0.641,1.126,0.78,0.65,1.158,1.183,0.857,1.196,1.531,0.962,1.319,50,29,32,2,0,16,18,41,9,0,0,4,8,1,2,0,1,0,0.263,32.333,30.589,30.623,48.63,47.125,47.82,32.119,54.442,0.674,0.637,0.638,1.013,0.982,0.996,0.669,1.134,139.08,5,2,-5.034,274.8,53.639,29.669,3,0,0,1,2,0,0,0,0,0,0,0,2,0,0,1,1,0,0,0,0,0,0,0,3,0,0,1,2,0,0,0,0,0,0,0,2,0,0,1,1,0,0,0,0,0,0,0,0,0,0,0,0,0,0,0,0,0,0,0,0,0,0,0,0,0,0,0,0,0,0,0,1,0,0,0,0,0,1,0,0,0,0,1,0,0,0,0,0,1,0,0,0,0,1,0,0,0,0,0,1,0,0,0,0,1,0,0,0,0,0,1,0,0,0,0,0,0,0,0,0,0,0,0,0,0,0,0,0,0,0,0,0,0,0,0,0,0,4,0.138,3.692,102.994,100.36,100.36,7,2.889,2.229,1.481,0.886,0.637,0.332,0.254,0.181,0.16,0.241,0.07,0.056,0.041,0.028,0.022,0.013,0.011,0.008,0.008,0.498,5.858,367.164,7.649
CC(C)N1C=C(NC(=O)NC=2C=CC3=C(OCC3(C)C)C2)C=N1,0,0,11,11,45,23,0,0,6,22,0,17,4,2,0,0,0,0,0,0,0,312,329,454,374,330,310,274,242,200,146,178,299,295,298,226,193,171,175,958,1125,1705,1740,1557,1248,1040,1064,993,3771.564,4240.432,6383.604,6132.135,5361.803,4275.782,3719.122,3855.318,3447.639,9289.668,11796.477,17653.51,19436.629,17826.81,13504.372,10978.797,10931.879,10517.262,343.505,366.176,641.346,810.655,946.859,711.608,562.62,467.49,523.102,277.656,306.433,526.995,661.749,751.297,570.674,448.878,381.218,423.03,274.93,300.408,519.172,652.94,744.001,565.57,445.539,376.888,420.438,63.319,80.869,123.207,142.522,137.555,103.628,81.764,77.294,75.591,7439.555,7049.733,13057.904,16744.936,20888.353,15318.561,12525.219,9724.027,11100.023,6.933,7,5.47,3.562,3.244,3.787,3.602,2.81,21.289,23.936,20.542,16.571,83.813,90.222,76.911,58.401,206.437,250.989,212.693,185.111,7.633,7.791,7.727,7.721,6.17,6.52,6.349,6.302,6.11,6.392,6.255,6.218,1.407,1.721,1.484,1.357,165.323,149.994,157.324,159.476,176.8,81.942,42.969,-57.6,-14.24,0.08,49.129,-24.933,-90.507,30.8,11.92,-5.32,-9,-1.84,-1.52,1.64,-3.4,1.56,330.8,21.676,125.302,-186.4,42.76,-69.12,118.862,0,-99.373,1575.109,100.794,594.515,-891.25,206.894,-341.096,566.487,-0.115,-457.457,2212.777,-23.946,606.627,-1158.183,277.618,-878.324,851.544,-117.673,-60.454,2.972,0.043,0.812,-0.92,-0.283,0.466,0.921,-0.576,-1.732,4.891,0.293,1.717,-2.007,-0.052,0.465,1.479,-0.54,-2.793,5.16,0.245,1.72,-1.929,-0.218,0.751,1.452,-0.768,-3.051,9.825,-0.676,1.965,-4.562,0.742,-3.976,3.528,-1.428,0.78,67.694,-8.131,-0.6,-3.138,-5.867,-20.654,18.202,-17.779,5.879,3.929,1.743,0.518,-0.549,0.684,0.254,-0.064,-0.086,7.351,0.461,1.51,-1.775,35.002,2.145,7.163,-8.488,49.173,-0.509,7.309,-11.03,0.066,0.001,0.01,-0.009,0.109,0.006,0.021,-0.019,0.115,0.005,0.021,-0.018,0.218,-0.014,0.024,-0.043,1.504,-0.173,-0.007,-0.03,0.444,0.132,-0.14,0.371,-0.094,-0.125,0.063,0.205,-0.241,0.061,0.205,-0.243,-0.01,0.149,-0.224,0.014,0.148,-0.133,0.057,0.19,-0.176,0.046,0.181,-0.16,-0.066,0.108,-0.199,-0.115,-0.005,-0.02,0.471,0.925,1.125,0.927,1.627,1.116,0.836,0.746,1.198,0.842,0.748,1.2,1.054,0.856,1.202,0.8,0.812,1.134,0.758,0.756,1.163,0.779,0.776,1.161,1.193,0.939,1.208,1.402,1.143,1.138,47,25,35,1,0,11,12,41,6,0,0,2,6,1,5,1,0,1,0.412,28,26.175,27.422,45.08,43.447,44.072,29.379,51.15,0.622,0.582,0.609,1.002,0.965,0.979,0.653,1.137,119.06,4,2,-4.082,243.67,49.063,27.525,3,0,0,2,1,0,0,0,0,0,0,0,2,0,0,2,0,0,0,0,0,0,0,0,2,0,0,1,1,0,0,0,0,0,0,0,1,0,0,1,0,0,0,0,0,0,0,0,1,0,0,1,0,0,0,0,0,0,0,0,1,0,0,1,0,0,0,0,0,0,0,0,1,0,0,0,0,0,1,0,0,0,0,1,0,0,0,0,0,1,0,0,0,0,0,0,0,0,0,0,0,0,0,0,0,0,0,0,0,0,0,0,0,0,0,0,1,0,0,0,0,0,1,0,0,0,0,1,0,0,0,0,0,1,0,0,0,0,3,0.12,3.778,90.216,68.18,68.18,7,3.111,2.424,0.978,0.761,0.386,0.316,0.196,0.171,0.128,0.28,0.084,0.073,0.035,0.036,0.019,0.015,0.011,0.011,0.009,0.574,5.644,314.174,6.982
ClC=1C=CN2N=C(NC(=O)NC=3C=NN(C3)C4CCCCC4)N=C2C1,0,0,14,15,43,25,0,0,9,18,0,16,7,1,0,0,0,1,0,0,1,347.605,378.111,530.667,442.444,428.778,385,303.111,327.111,255.778,152,193,301,312,285,227,209,186,178,1290,1294,1962,1885,1771,1542,1240,1255,1221,5212.558,4982.324,7429.38,6807.772,6470.779,5676.464,4534.608,4598.953,4534.589,9759.339,12195.399,18056.98,18476.363,16252.623,13739.569,11987.8,11248.662,10589.042,338.419,366.154,639.693,837.123,788.556,640.793,533.067,513.819,466.735,277.67,309.503,533.139,678.341,636.68,522.203,433.294,420.508,381.671,273.353,303.283,524.356,668.935,629.113,517.319,427.748,416.61,377.089,66.491,82.194,126.388,136.98,120.118,99.189,86.709,78.939,74.233,7189.519,7052.518,12869.078,18038.128,17242.317,13757.267,11402.123,10874.399,9729.999,8.084,8.22,6.551,4.097,3.535,4.196,3.716,2.889,30,28.13,24.222,17.454,121.222,108.311,91.721,63.035,226.961,265.117,222.926,171.077,7.87,7.96,7.897,7.751,6.457,6.728,6.582,6.281,6.357,6.593,6.474,6.194,1.546,1.787,1.56,1.268,167.198,153.316,158.878,167.02,168.42,63.997,64.818,36.94,54.975,15.095,-0.896,-1.361,-48.704,24.651,3.978,-1.203,0.271,1.967,-1.203,-1.394,0.38,2.145,468.047,17.857,38.889,-29.163,157.494,82.331,53.739,-13.72,38.705,2201.651,83.85,169.639,-128.532,734.107,384.183,248.008,-56.916,179.083,2044.242,-39.704,-445.192,87.434,388.638,241.106,-69.956,133.122,177.31,3.095,0.041,1.373,-0.738,1.322,0.972,-0.123,-0.621,-0.084,5.006,0.312,2.137,-0.854,2.261,1.274,0.052,-0.598,-0.553,5.003,0.319,2.542,-0.844,2.006,1.326,-0.354,-0.577,-1.049,9.729,-0.659,-2.223,0.477,0.3,1.732,-1.518,0.599,1.149,70.963,-13.359,-16.627,-2.729,-7.209,16.167,-25.405,8.851,12.638,3.917,1.391,0.8,0.342,0.573,0.086,-0.015,0.003,10.885,0.388,0.48,-0.27,51.201,1.823,2.094,-1.19,47.541,-0.863,-5.496,0.81,0.072,0.001,0.017,-0.007,0.116,0.007,0.026,-0.008,0.116,0.007,0.031,-0.008,0.226,-0.014,-0.027,0.004,1.65,-0.29,-0.205,-0.025,0.355,0.204,0.087,0.151,-0.026,0.004,0.036,0.044,-0.025,0.036,0.041,-0.023,-0.018,-0.116,0.017,0.012,0.236,-0.095,0.058,0.227,-0.068,0.06,0.27,-0.067,-0.063,-0.121,0.02,-0.176,-0.124,-0.015,0.454,0.686,0.879,0.87,1.083,0.954,0.594,0.68,0.95,0.599,0.687,0.95,0.924,1.041,0.958,0.718,0.564,1.021,0.676,0.597,1.03,0.726,0.594,1.037,1.004,1.054,0.931,1.456,1.287,0.98,46,28,30,1,0,15,16,39,7,0,0,4,4,0,0,6,0,0,0.375,31.333,29.957,27.988,43.729,42.463,42.968,29.583,49.134,0.729,0.697,0.651,1.017,0.988,0.999,0.688,1.143,184.09,6,2,-3.545,250.73,49.404,25.136,4,0,0,2,2,0,0,0,0,0,0,0,3,0,0,2,1,0,0,0,0,0,0,0,3,0,0,2,1,0,0,0,0,0,0,0,3,0,0,2,1,0,0,0,0,0,0,0,1,0,0,0,1,0,0,0,0,0,0,0,0,0,0,0,0,0,0,0,0,0,0,0,1,0,0,0,0,0,1,0,0,0,0,1,0,0,0,0,0,1,0,0,0,0,1,0,0,0,0,0,1,0,0,0,0,1,0,0,0,0,0,1,0,0,0,0,0,0,0,0,0,0,0,0,0,0,0,0,0,0,0,0,0,0,0,0,0,0,3,0.107,3.728,94.987,89.14,89.14,5.5,2,1.889,0.854,0.876,0.239,0.351,0.128,0.125,0.094,0.196,0.051,0.056,0.028,0.032,0.01,0.015,0.006,0.007,0.006,0.407,5.807,359.126,8.352
CN(C)C1=CC2=CC=CC=C2N=C1NC3=CN=C(OC)C=C3,0,0,16,17,40,22,0,0,5,18,0,17,4,1,0,0,0,0,0,0,0,298,319,438,435,341,316,277,232,183,132,160,252,273,265,251,236,203,177,890,1051,1477,1611,1458,1361,1284,1147,874,3511.531,3993.844,5542.301,5924.969,5193.747,4825.059,4571.45,3930.963,2929.275,8948.942,11037.761,15541.024,17336.254,16328.804,15512.685,15134.635,14149.224,10853.531,303.279,326.31,538.255,616.785,698.295,668.156,620.418,616.556,619.904,246.462,273.903,444.491,509.742,565.989,541.244,501.314,496.691,486.156,243.32,268.079,438.108,501.359,558.494,534.738,493.388,488.548,480.838,60.898,75.131,107.25,123.356,120.883,115.631,113.687,110.141,88.723,6514.433,6228.663,10941.363,12456.074,14897.156,14448.155,13182.504,13067.861,14152.594,7.45,7.595,6.348,5.438,3.3,3.81,3.652,3.412,22.25,25.024,21.406,20.138,87.788,95.092,80.323,74.062,223.724,262.804,225.232,216.703,7.582,7.769,7.801,7.71,6.162,6.521,6.442,6.372,6.083,6.383,6.349,6.267,1.522,1.789,1.554,1.542,162.861,148.301,158.57,155.701,153.6,62.12,18.29,-17.2,-46.98,-48.42,-46.57,-23.17,43.35,23.1,11.995,0.953,-4.2,-2.63,-7.72,-13.232,-1.683,4.162,281.6,20.62,57.79,-50.4,-48.18,-53.92,-31.47,-137.27,92.05,1345.366,95.586,284.512,-247.498,-227.08,-252.59,-151.025,-666.476,434.766,1997.511,-80.313,694.506,-601.552,-299.336,6.413,-227.188,-1211.791,437.087,2.054,-0.063,-0.069,0.152,-0.679,-0.206,-0.093,0.155,0.645,3.66,0.174,0.028,0.116,-1.055,-0.781,-0.253,-0.393,1.312,3.807,0.069,-0.045,0.262,-1.199,-0.724,-0.218,-0.14,1.287,8.927,-1.139,3.608,-2.834,-1.434,1.028,-0.9,-5.252,1.165,64.065,-19.854,18.04,-10.948,-22.652,21.792,-2.836,-22.451,4.982,3.84,1.479,0.265,-0.215,0.578,0.286,0.014,-0.052,7.04,0.491,0.838,-0.63,33.634,2.276,4.123,-3.094,49.938,-1.912,10.065,-7.519,0.051,-0.001,-0.001,0.002,0.091,0.004,0,0.001,0.095,0.002,-0.001,0.003,0.223,-0.027,0.052,-0.035,1.602,-0.473,0.261,-0.137,0.385,0.069,-0.056,0.495,0.024,-0.091,0.07,0.119,-0.089,0.068,0.123,-0.092,-0.038,0.202,-0.151,-0.029,-0.02,0.037,0.045,0.004,0.016,0.017,-0.007,0.034,-0.122,0.234,-0.159,-0.295,0.163,-0.085,0.523,1.038,1.047,0.623,1.199,1.245,0.788,0.842,1.002,0.792,0.835,1.005,0.981,0.716,1.084,0.954,1.289,0.924,0.829,1.157,0.935,0.879,1.212,0.937,1.13,0.715,1.123,1.46,0.938,1.198,42,24,25,0,0,17,17,34,8,0,0,3,10,1,0,0,0,0,0.176,26,24.507,25.623,39.974,38.647,39.152,27.302,45.11,0.65,0.613,0.641,0.999,0.966,0.979,0.683,1.128,114.05,5,1,-4.916,229.2,45.594,24.354,3,0,0,0,3,0,0,0,0,0,0,0,2,0,0,0,2,0,0,0,0,0,0,0,3,0,0,0,3,0,0,0,0,0,0,0,2,0,0,0,2,0,0,0,0,0,0,0,0,0,0,0,0,0,0,0,0,0,0,0,0,0,0,0,0,0,0,0,0,0,0,0,1,0,0,0,0,0,0,1,0,0,0,1,0,0,0,0,0,0,1,0,0,0,1,0,0,0,0,0,0,1,0,0,0,1,0,0,0,0,0,0,1,0,0,0,0,0,0,0,0,0,0,0,0,0,0,0,0,0,0,0,0,0,0,0,0,0,4,0.167,3.448,90.142,50.28,50.28,4.5,2.222,1.125,1.489,0.813,0.487,0.276,0.164,0.128,0.037,0.188,0.067,0.033,0.051,0.03,0.019,0.013,0.011,0.012,0.005,0.429,5.585,294.148,7.354
O=C(C1=CC=C(C)C(C)=C1)NC(S2)=NN=C2C3=CC=NC=C3,0,0,17,17,36,22,0,0,6,14,0,16,4,1,1,0,0,0,0,0,0,304.444,311.333,395,369.667,337.667,328.333,256.667,223.333,194.667,128,154,232,236,215,194,152,140,130,1106,1130,1697,1627,1608,1383,1108,990,884,4391.047,4359.143,6515.911,6051.205,5845.598,5120.532,4071.643,3641.8,3210.944,8997.868,10985.36,15472.978,16133.267,14776.297,12075.895,9959.785,9330.696,8937.646,277.609,295.475,471.016,538.251,600.606,551.098,385.761,356.534,326.775,227.256,248.337,389.758,443.089,486.884,441.352,317.185,291.658,266.06,223.663,242.179,381.09,433.725,478.551,435.962,313.257,287.775,261.274,64.74,77.511,111.05,119.598,114.352,92.267,72.78,68.787,66.655,5755.298,5543.202,9215.963,10579.756,12284.159,11924.908,7835.047,7280.398,6582.948,8.457,8.193,6.475,5.281,3.556,4.053,3.803,3.371,30.722,29.737,27.82,23.243,121.974,114.714,106.818,86.446,249.941,289.088,253.655,230.475,7.711,7.776,7.722,7.689,6.313,6.535,6.389,6.33,6.213,6.373,6.247,6.196,1.798,2.04,1.82,1.709,159.869,145.874,151.081,151.139,141.173,48.521,1.531,-34.095,16.329,77.037,-36.039,-32.577,-29.418,21.222,8.377,-3.849,-7.599,2.019,4.556,-0.13,-0.361,-3.759,377,23,142.25,-65,-48,199.5,-102.5,-51.75,-115,1715.14,106.782,640.833,-311.509,-243.027,950.006,-456.268,-228.889,-503.571,1805.14,46.918,316.75,-668.627,-783.544,1041.075,-53.89,165.357,4.685,1.988,0.081,0.845,-0.157,0.062,0.672,-0.977,-0.802,-0.667,3.355,0.214,1.128,-0.269,-0.139,1.904,-1.467,-1.311,-0.902,3.537,0.231,1.023,-0.187,-0.138,1.692,-1.519,-1.355,-0.923,10.578,0.572,0.641,-2.867,-4.262,3.354,0.299,2.096,-0.789,63.665,1.505,-3.137,-18.287,-33.17,-0.003,5.885,20.944,4.287,3.921,1.277,0.025,-0.487,0.59,0.22,-0.063,-0.109,10.472,0.605,2.332,-0.929,47.643,2.81,10.505,-4.45,50.143,1.235,5.193,-9.552,0.055,0.002,0.014,-0.002,0.093,0.006,0.018,-0.004,0.098,0.006,0.017,-0.003,0.294,0.015,0.011,-0.041,1.768,0.04,-0.051,-0.261,0.326,0.006,-0.124,0.374,-0.107,-0.184,0.058,0.223,-0.089,0.059,0.221,-0.093,0.025,0.104,-0.19,0.039,0.251,-0.041,0.06,0.198,-0.041,0.062,0.171,-0.027,0.051,0.036,-0.139,0.022,-0.029,-0.148,0.474,0.902,1.021,0.694,1.271,1.249,0.698,0.705,0.979,0.695,0.7,0.982,0.827,0.816,1.117,0.646,0.527,0.918,0.622,0.589,0.886,0.636,0.62,0.878,0.827,0.936,1.091,1.038,1.058,1.129,38,24,20,1,0,17,18,29,9,0,0,4,5,4,2,0,0,0,0.125,27,25.841,24.727,36.275,35.208,35.608,26.441,40.199,0.75,0.718,0.687,1.008,0.978,0.989,0.734,1.117,114.06,5,1,-5.283,227.16,44.157,20.223,3,0,0,1,2,0,0,0,0,0,0,0,2,0,0,1,1,0,0,0,0,0,0,0,3,0,0,1,2,0,0,0,0,0,0,0,2,0,0,1,1,0,0,0,0,0,0,0,0,0,0,0,0,0,0,0,0,0,0,0,0,0,0,0,0,0,0,0,0,0,0,0,0,0,0,0,0,0,0,0,0,0,0,0,0,0,0,0,0,0,0,0,0,0,0,0,0,0,0,0,0,0,0,0,0,0,0,0,0,0,0,0,0,0,0,0,0,0,0,0,0,0,0,0,0,0,0,0,0,0,0,0,0,0,0,0,0,0,3,0.125,3.469,87.009,67.77,96.01,4.5,2.667,1.222,1.094,0.573,0.294,0.296,0.156,0.1,0.082,0.188,0.081,0.039,0.042,0.024,0.015,0.016,0.009,0.007,0.007,0.429,5.585,310.089,8.614
CC1=CC=C(C2=NOC(NC(C3=CC=C(OCCC)C=C3)=O)=C2)C=C1,0,0,17,17,45,25,0,0,5,20,0,20,2,3,0,0,0,0,0,0,0,352,364,485,444,422,394,342,280,262,146,178,270,282,260,238,213,195,180,1030,1179,1654,1675,1552,1408,1270,1131,1025,4065.9,4482.64,6188.254,6075.402,5555.383,5093.011,4589.869,4033.329,3673.116,10227.814,12717.19,17705.502,18283.732,16705.698,15065.909,13622.882,12455.75,10978.587,345.638,364.902,601.285,732.521,735.003,653.802,570.29,551.255,492.274,280.834,305.627,495.241,595.52,594.446,528.171,462.812,444.81,397.446,277.4,298.774,486.235,586.968,587.5,521.756,456.758,439.338,393.611,69.02,86.63,123.39,130.637,120.72,108.293,98.574,90.766,78.593,7213.074,6818.337,11800.105,14891.242,15210.022,13630.216,11691.993,11605.3,10211.444,7.822,7.745,6.218,4.674,3.244,3.787,3.462,2.968,22.889,25.085,21.205,17.632,90.353,95.375,79.337,63.952,227.285,270.579,226.994,192.46,7.681,7.764,7.709,7.711,6.241,6.503,6.349,6.269,6.164,6.357,6.234,6.179,1.534,1.843,1.582,1.375,160.291,145.071,151.283,156.75,179.911,72.448,47.999,-8.168,3.077,24.835,10.946,-17.636,-44.631,24.311,9.097,-0.895,-0.479,2.188,-0.81,-1.289,-1.676,-4.836,325.911,19.671,54.11,-18.857,-19.235,44.212,3.08,-8.991,-2.653,1551.257,90.478,250.278,-87.956,-91.869,211.277,6.693,-40.847,-5.406,2269.789,15.729,27.187,-182.083,-152.87,215.237,-234.298,-19.222,289.125,3.343,0.3,0.681,-0.644,-0.164,-0.186,0.779,-0.599,-0.189,5.057,0.518,1.277,-0.674,-0.312,0.141,0.951,-0.691,-0.475,5.373,0.556,1.352,-0.793,-0.359,-0.006,1.121,-0.876,-0.499,10.442,-0.197,-0.626,-1.164,-0.779,0.251,-1.175,-0.56,2.05,66.424,-0.532,-8.617,-10.094,-9.8,-3.013,-11.846,-1.295,11.696,3.998,1.541,0.615,-0.086,0.54,0.194,-0.011,-0.005,7.242,0.419,0.694,-0.198,34.472,1.925,3.209,-0.926,50.44,0.335,0.349,-1.917,0.074,0.006,0.009,-0.007,0.112,0.011,0.016,-0.007,0.119,0.012,0.017,-0.008,0.232,-0.004,-0.008,-0.012,1.476,-0.011,-0.11,-0.106,0.386,0.154,-0.022,0.358,-0.021,-0.009,0.058,0.096,-0.027,0.056,0.093,-0.027,0.007,0.007,-0.038,0.086,0.117,-0.091,0.098,0.146,-0.063,0.099,0.145,-0.07,-0.018,-0.035,-0.053,-0.008,-0.075,-0.072,0.44,0.793,1.034,0.732,1.195,1.029,0.763,0.804,0.996,0.769,0.809,0.994,0.947,0.957,0.994,0.69,0.792,1.186,0.655,0.74,1.116,0.664,0.748,1.137,1.048,1.042,1.029,1.127,1.119,1.072,47,27,29,1,0,17,18,38,9,0,0,2,11,3,3,1,0,0,0.2,29.667,28.007,29.079,45.197,43.686,44.256,30.744,50.363,0.659,0.622,0.646,1.004,0.971,0.983,0.683,1.119,129.05,4,1,-6.205,258.95,51.342,24.974,3,0,0,1,2,0,0,0,0,0,0,0,1,0,0,1,0,0,0,0,0,0,0,0,3,0,0,1,2,0,0,0,0,0,0,0,1,0,0,1,0,0,0,0,0,0,0,0,0,0,0,0,0,0,0,0,0,0,0,0,0,0,0,0,0,0,0,0,0,0,0,0,0,0,0,0,0,0,0,0,0,0,0,0,0,0,0,0,0,0,0,0,0,0,0,0,0,0,0,0,0,0,0,0,0,0,0,0,0,0,0,0,0,0,0,0,0,0,0,0,0,0,0,0,0,0,0,0,0,0,0,0,0,0,0,0,0,0,6,0.222,4.691,96.857,64.36,64.36,5,2.667,1.097,1.054,0.775,0.379,0.405,0.166,0.092,0.102,0.185,0.074,0.032,0.035,0.028,0.015,0.018,0.008,0.005,0.006,0.407,5.755,336.147,7.47
BrC1=CC=C(C2=NOC(NC(C3=CC=C(OC)C=C3)=O)=C2)C=C1,0,0,17,17,36,23,0,0,6,13,0,17,2,3,0,0,0,0,1,0,1,343.067,349.037,462.556,419.556,397.037,369.037,318.074,250.593,231.037,131,159,233,239,211,191,166,144,131,2140,1239,1849,1911,1604,1374,1441,1391,1036,10010.644,4924.825,7348.514,7343.286,5941.709,5206.282,5727.771,5517.117,3995.291,9443.085,11189.29,15773.592,16246.095,14316.232,12222.43,10669.36,9902.974,8749.314,286.349,301.297,476.775,562.693,564.391,526.889,423.159,362.994,339.369,236.208,254.398,398.105,464.504,463.344,427.747,346.157,299.379,278.778,232.277,248.374,389.935,455.424,456.226,422.996,341.665,294.144,275.467,66.843,75.562,108.82,116.308,102.877,86.528,75.324,69.511,60.9,5677.833,5499.123,8955.558,10887.852,11157.625,10858.376,8506.092,7093.437,6713.726,9.53,9.185,7.709,5.909,3.639,4.184,3.883,3.366,59.444,32.605,30.817,26.915,278.073,129.601,122.475,103.427,262.308,294.455,262.893,228.818,7.954,7.929,7.946,7.925,6.561,6.695,6.635,6.542,6.452,6.536,6.499,6.414,1.857,1.988,1.814,1.638,157.718,144.714,149.259,153.35,150.509,40.574,-4.05,-44.918,-11.331,35.296,15.236,-40.13,-49.092,20.75,5.875,-5,-7.312,1.438,4.188,-0.688,-3.438,-1.125,1158.222,3.654,38.63,-257.383,-277.16,151.42,176.062,-34.667,14.185,6141.68,14.364,196.84,-1300.37,-1396.442,775.268,873.783,-194.329,95.548,1810.728,15.831,61.13,-525.036,-827.042,476.595,447.55,-99.611,94.577,3.285,0.161,0.163,-1.04,-0.483,-0.474,0.685,-0.598,-0.249,4.61,0.309,0.357,-1.421,-0.959,-0.122,1.077,-0.86,-0.889,4.871,0.35,0.444,-1.358,-0.807,-0.367,1.024,-1.122,-0.924,11.305,-0.042,0.918,-2.669,-4.415,2.347,2.401,-1.389,1.616,54.308,0.441,-2.537,-11.848,-21.797,0.969,3.767,-4.101,17.257,4.181,1.068,-0.068,-0.633,0.576,0.155,-0.083,-0.103,32.173,0.096,0.644,-3.625,170.602,0.378,3.281,-18.315,50.298,0.417,1.019,-7.395,0.091,0.004,0.003,-0.015,0.128,0.008,0.006,-0.02,0.135,0.009,0.007,-0.019,0.314,-0.001,0.015,-0.038,1.509,0.012,-0.042,-0.167,0.255,-0.016,-0.151,0.268,-0.145,-0.179,0.003,0.02,-0.113,0.002,0.019,-0.107,0.008,0.02,-0.147,0.046,0.03,-0.161,0.064,0.046,-0.156,0.068,0.055,-0.141,-0.004,0.049,-0.12,0.008,-0.028,-0.111,0.499,0.89,1.083,0.755,1.223,1.2,0.476,0.593,1.063,0.473,0.59,1.06,0.776,0.825,1.06,0.698,0.875,1.125,0.639,0.815,1.097,0.667,0.837,1.094,0.743,0.763,1.062,1.035,1.037,1.105,38,25,20,1,0,17,18,29,9,0,0,2,12,2,0,0,0,0,0.059,31.333,31.072,25.471,36.761,35.808,36.192,26.775,39.958,0.87,0.863,0.708,1.021,0.995,1.005,0.744,1.11,119.06,4,1,-5.834,234.18,44.714,19.332,3,0,0,1,2,0,0,0,0,0,0,0,1,0,0,1,0,0,0,0,0,0,0,0,3,0,0,1,2,0,0,0,0,0,0,0,1,0,0,1,0,0,0,0,0,0,0,0,0,0,0,0,0,0,0,0,0,0,0,0,0,0,0,0,0,0,0,0,0,0,0,0,0,0,0,0,0,0,0,0,0,0,0,0,0,0,0,0,0,0,0,0,0,0,0,0,0,0,0,0,0,0,0,0,0,0,0,0,0,0,0,0,0,0,0,0,0,0,0,0,0,0,0,0,0,0,0,0,0,0,0,0,0,0,0,0,0,0,4,0.16,4.365,90.586,64.36,64.36,5,2.667,1.097,1.054,0.747,0.318,0.346,0.141,0.092,0.102,0.2,0.078,0.034,0.039,0.031,0.014,0.017,0.008,0.006,0.008,0.437,5.644,372.011,10.334
CCN(CC)C=1C=CC(=CC1)C(=O)NC2=NN=C(S2)C=3C=CN=CC3,0,0,17,17,44,25,0,0,7,19,0,18,5,1,1,0,0,0,0,0,0,330.444,340.333,434,414.667,373.667,358.333,311,272.667,240.333,145,178,267,288,269,252,220,182,163,1232,1286,1895,1864,1933,1677,1315,1140,1112,4880.851,4924.392,7175.75,6898.207,7015.606,5973.553,4706.844,4173.399,4065.115,10243.634,12522.075,17431.954,18686.71,18813.887,16906.66,13362.212,11270.32,10776.815,336.484,357.375,587.817,703.515,728.518,787.495,660.599,467.708,419.908,273.703,299.643,484.355,572.084,592.677,628.508,523.15,378.134,346.372,269.788,292.704,475.236,562.777,581.894,619.436,516.57,372.849,342.524,73.751,88.59,126.114,138.832,143.967,134.2,107.192,83.364,74.832,7144.715,6799.79,11822.937,14660.024,14797.051,17018.056,14754.978,9895.22,8338.948,7.51,7.399,5.711,4.507,3.295,3.87,3.513,3.13,28,27.957,24.934,20.261,110.928,107.052,94.418,74.981,232.81,272.219,229.368,203.116,7.647,7.769,7.734,7.647,6.221,6.514,6.373,6.218,6.132,6.363,6.253,6.117,1.676,1.926,1.659,1.509,162.38,147.822,155.565,159.348,167.525,63.592,29.093,-6.043,-21.182,86.461,102.395,5.926,-95.651,23.886,10.96,1.696,-7.921,-3.732,11.771,7.071,-5.138,-4.116,445.727,32.421,133.38,62.798,-93.593,70.06,178.824,31.878,-85.087,2041.7,149.016,595.926,304.51,-462.211,321.148,852.327,171.288,-402.831,2238.299,-19.834,209.358,575.121,-1036.43,-24.548,935.677,398.117,-272.305,2.319,0.099,0.624,-0.379,-0.074,0.587,1.115,-0.037,-1.077,4.076,0.338,0.787,-0.261,-0.595,1.136,2.427,0.51,-1.965,4.255,0.328,0.625,-0.43,-0.549,1.141,2.446,0.386,-2.08,12.459,0.025,0.262,3.335,-5.092,-0.849,3.53,0.46,-0.434,75.757,-8.773,-10.876,16.994,-32.049,-18.492,12.669,4.405,3.357,3.807,1.382,0.383,-0.066,0.543,0.238,0.022,-0.086,10.13,0.705,1.755,0.683,46.402,3.239,7.841,3.31,50.87,-0.431,2.755,6.251,0.053,0.002,0.008,-0.004,0.093,0.007,0.01,-0.003,0.097,0.007,0.008,-0.005,0.283,0.001,0.003,0.036,1.722,-0.191,-0.143,0.185,0.363,0.101,-0.017,0.439,0.041,-0.159,0.07,0.173,0.067,0.07,0.169,0.071,-0.008,0.054,0.123,0.041,0.156,-0.078,0.079,0.112,-0.031,0.074,0.085,-0.048,0.002,0.012,0.128,-0.111,-0.083,0.107,0.483,0.871,1.023,0.646,1.137,1.321,0.733,0.777,0.874,0.733,0.776,0.871,0.927,0.883,0.837,0.707,0.738,1.058,0.672,0.792,1.005,0.693,0.832,1.03,0.938,0.968,0.831,1.252,1.173,0.907,46,27,28,1,0,17,18,37,9,0,0,4,7,2,4,0,0,0,0.222,31,29.427,28.839,44.158,42.714,43.236,31.096,49.528,0.705,0.669,0.655,1.004,0.971,0.983,0.707,1.126,129.07,6,1,-5.252,265.32,51.931,26.949,3,0,0,1,2,0,0,0,0,0,0,0,2,0,0,1,1,0,0,0,0,0,0,0,3,0,0,1,2,0,0,0,0,0,0,0,2,0,0,1,1,0,0,0,0,0,0,0,0,0,0,0,0,0,0,0,0,0,0,0,0,0,0,0,0,0,0,0,0,0,0,0,0,0,0,0,0,0,0,0,0,0,0,0,0,0,0,0,0,0,0,0,0,0,0,0,0,0,0,0,0,0,0,0,0,0,0,0,0,0,0,0,0,0,0,0,0,0,0,0,0,0,0,0,0,0,0,0,0,0,0,0,0,0,0,0,0,0,6,0.222,3.699,101.096,71.01,99.25,4.5,2.889,1.41,0.903,0.754,0.415,0.337,0.174,0.076,0.089,0.167,0.08,0.039,0.027,0.027,0.018,0.015,0.008,0.004,0.005,0.391,5.755,353.131,8.026
CCOc(cc1)ccc1C(Nc1nnc(-c2ccncc2)s1)=O,0,0,17,17,37,23,0,0,7,14,0,16,4,2,1,0,0,0,0,0,0,336.444,334.333,424,400.667,358.667,348.333,309,252.667,228,130,158,229,235,210,191,169,148,133,1170,1190,1753,1638,1643,1439,1179,985,955,4647.015,4599.207,6701.94,6113.681,6088.128,5306.288,4337.711,3628.035,3543.294,9214.258,11167.302,15327.212,15371.98,14363.785,12825.756,10750.298,9439.644,8897.095,290.961,308.002,491.119,566.447,532.355,516.289,449.841,367.92,332.422,239.09,259.378,407.632,463.248,436.995,420.381,364.677,299.917,274.642,235.913,253.429,399.81,456.105,429.751,414.321,359.935,295.655,271.31,65.383,77.401,107.995,111.35,106.191,95.951,81.465,68.467,60.684,5940.749,5723.095,9449.265,11321.974,10478.851,10606.224,9430.939,7553.533,6494.206,9.093,8.573,6.839,5.565,3.514,4.051,3.694,3.264,31.622,30.513,28.274,22.75,125.595,117.928,108.096,84.912,249.034,286.341,247.213,213.5,7.864,7.897,7.921,7.867,6.462,6.651,6.575,6.434,6.376,6.498,6.449,6.335,1.767,1.985,1.742,1.547,160.561,146.746,152.408,157.25,151.748,43.44,1.408,-23.395,-37.477,33.588,56.35,-2.016,-69.294,19.297,6.579,1.096,-2.768,-2.944,2.74,1.777,-3.702,-3.789,388.919,23.842,89.136,15.239,-80.718,-2.585,37.181,-26.059,-35.694,1768.096,110.892,391.242,86.023,-381.711,-5.84,186.59,-97.761,-179.79,1805.462,9.111,-11.501,294.875,-564.54,-75.561,229.222,218.059,-137.171,2.754,-0.015,0.316,-0.891,-0.589,0.012,1.171,-0.358,-0.561,4.226,0.173,0.353,-0.91,-1.079,0.196,1.77,-0.164,-1.244,4.563,0.152,0.208,-1.072,-1.152,0.17,1.986,-0.246,-1.369,10.753,0.179,-0.759,2.244,-2.777,-0.968,0.764,0.1,-0.47,64.726,-1.946,-12.922,1.875,-22.208,-10.285,3.906,8.453,5.439,4.101,1.114,0.023,-0.325,0.522,0.169,0.018,-0.038,10.511,0.611,1.438,0.212,47.786,2.843,6.31,1.195,48.796,0.234,-0.185,4.095,0.074,0,0.005,-0.012,0.114,0.004,0.006,-0.013,0.123,0.004,0.003,-0.015,0.291,0.005,-0.012,0.031,1.749,-0.05,-0.208,0.026,0.272,0.006,-0.079,0.323,0.034,-0.074,0.058,0.137,0.02,0.06,0.132,0.025,0.005,-0.004,0.084,-0.005,0.069,-0.166,0.039,0.05,-0.111,0.032,0.027,-0.121,0.016,-0.042,0.107,-0.029,-0.119,0.015,0.493,0.905,1.091,0.694,1.038,1.14,0.687,0.792,0.951,0.683,0.788,0.944,0.846,0.906,0.872,0.744,0.886,1.303,0.668,0.856,1.18,0.696,0.898,1.204,0.88,1.021,0.876,1.102,1.153,0.942,39,25,21,1,0,17,18,30,9,0,0,4,7,2,2,0,0,0,0.125,28.333,27.173,25.441,37.606,36.557,37.008,26.922,41.409,0.766,0.734,0.688,1.016,0.988,1,0.728,1.119,119.07,6,1,-4.881,233.03,44.959,21.959,3,0,0,1,2,0,0,0,0,0,0,0,2,0,0,1,1,0,0,0,0,0,0,0,3,0,0,1,2,0,0,0,0,0,0,0,2,0,0,1,1,0,0,0,0,0,0,0,0,0,0,0,0,0,0,0,0,0,0,0,0,0,0,0,0,0,0,0,0,0,0,0,0,0,0,0,0,0,0,0,0,0,0,0,0,0,0,0,0,0,0,0,0,0,0,0,0,0,0,0,0,0,0,0,0,0,0,0,0,0,0,0,0,0,0,0,0,0,0,0,0,0,0,0,0,0,0,0,0,0,0,0,0,0,0,0,0,0,5,0.2,3.251,88.704,77,105.24,4,2.222,1.035,0.863,0.664,0.293,0.306,0.125,0.06,0.069,0.16,0.067,0.033,0.031,0.027,0.014,0.016,0.007,0.004,0.005,0.364,5.644,326.084,8.813
COC1=CC=C(N=C(N2CCN(C3=NC=CC=N3)CC2)S4)C4=C1,0,0,15,16,40,23,0,0,7,17,0,16,5,1,1,0,0,0,0,0,0,312.444,324.333,434.333,383.333,288.667,280,235.667,214.667,213,141,178,279,302,278,252,222,196,157,1158,1254,1901,1915,1804,1487,1196,1115,966,4590.291,4821.792,7194.657,7078.008,6415.562,5211.297,4160.616,3968.15,3532.463,9334.433,11648.751,16936.24,18209.243,17185.961,15228.583,13500.649,11139.719,9020.633,307.966,337.961,588.247,689.095,718.46,670.64,569.901,551.177,424.641,251.018,284.121,486.86,562.975,581.47,539.301,457.546,438.892,340.391,247.608,277.8,479.801,554.077,572.202,531.461,448.593,433.101,337.114,67.284,81.228,120.576,136.278,134.963,120.7,108.18,88.217,68.021,6521.291,6374.927,11860.266,14210.841,15019.807,14338.459,11950.987,12132.659,9205.976,7.811,7.543,5.869,4.307,3.525,4.14,3.77,3.393,28.95,29.163,25.689,21.517,114.757,112.135,97.225,79.528,233.361,270.901,228.868,204.598,7.699,7.86,7.949,7.743,6.275,6.607,6.579,6.326,6.19,6.46,6.484,6.226,1.682,1.889,1.629,1.531,163.032,148.254,160.274,159.672,157.733,51.426,-10.396,-51.89,-91.097,-29.947,1.174,16.427,6.172,21.975,9.252,0.671,-9.319,-5.892,-5.37,-6.002,2.196,-0.191,418.4,40.97,82.96,0.21,-226.03,-175.38,-136.57,131.16,108.15,1910.424,189.328,377.934,2.98,-1040.21,-793.557,-638.996,581.848,513.495,2012.428,-110.945,484.625,11.543,-765.554,-354.047,-1137.053,-28.996,738.626,2.262,-0.078,-0.13,-0.704,-1.207,0.246,0.603,0.796,-0.646,3.91,0.293,-0.331,-0.937,-2.345,-0.093,0.77,1.287,-0.514,4.115,0.165,-0.433,-1.066,-2.435,0.232,1.079,1.201,-0.804,11.452,-1.056,3.366,1.368,-4.299,-2.556,-6.829,-1.175,4.437,70.024,-28.868,26.469,-4.716,-10.935,27.513,-42.096,-14.189,3.922,3.943,1.196,-0.14,-0.583,0.549,0.215,0.009,-0.105,10.46,0.953,1.121,0.002,47.761,4.403,5.107,0.033,50.311,-2.58,6.549,0.13,0.057,-0.002,-0.002,-0.008,0.098,0.007,-0.004,-0.011,0.103,0.004,-0.006,-0.012,0.286,-0.025,0.045,0.015,1.751,-0.671,0.358,-0.053,0.303,-0.036,-0.148,0.392,0.017,-0.191,0.091,0.107,0,0.092,0.107,0.001,-0.051,0.13,0.003,-0.032,-0.031,-0.14,0.07,-0.046,-0.108,0.037,-0.057,-0.116,-0.086,0.159,0.054,-0.383,0.204,-0.03,0.558,1.103,1.151,0.619,1.091,1.316,0.699,0.841,0.977,0.698,0.836,0.972,0.952,0.754,0.94,0.912,1.269,1.133,0.76,1.2,1.092,0.819,1.259,1.115,1.011,0.774,0.926,1.517,0.905,1.073,43,26,27,0,0,16,16,36,7,0,0,2,7,0,4,0,0,0,0.312,28.667,27.259,26.297,40.27,38.988,39.476,28.298,45.113,0.717,0.681,0.657,1.007,0.975,0.987,0.707,1.128,170.07,7,0,-3.718,234.88,47.257,28.091,4,0,0,1,3,0,0,0,0,0,0,0,3,0,0,1,2,0,0,0,0,0,0,0,3,0,0,1,2,0,0,0,0,0,0,0,2,0,0,1,1,0,0,0,0,0,0,0,1,0,0,0,1,0,0,0,0,0,0,0,1,0,0,0,1,0,0,0,0,0,0,0,1,0,0,0,0,0,1,0,0,0,0,1,0,0,0,0,0,1,0,0,0,0,1,0,0,0,0,0,1,0,0,0,0,1,0,0,0,0,0,1,0,0,0,0,0,0,0,0,0,0,0,0,0,0,0,0,0,0,0,0,0,0,0,0,0,0,3,0.115,2.422,92.63,54.38,82.62,4,2.444,1.167,0.912,0.678,0.392,0.194,0.138,0.106,0.064,0.154,0.068,0.033,0.031,0.027,0.019,0.011,0.008,0.007,0.005,0.364,5.7,327.115,8.178
CC1=CC=C(C2NC(SCC(NC3=CC4=C(C=CN4C)C=C3)=O)=NN=2)C=C1,0,0,20,21,46,27,0,0,7,19,0,20,5,1,1,0,0,0,0,0,0,358.444,385,503.667,402.667,394.333,375,331.667,267.667,266.333,163,200,312,312,294,261,214,196,192,1304,1395,2065,2102,1766,1718,1575,1416,1362,5169.379,5359.197,7823.845,7718.935,6316.987,6283.033,5744.331,5205.563,4949.975,11090.668,13764.855,19902.694,20796.665,18635.771,15908.014,13984.935,13101.681,12689.691,351.565,381.158,625.87,738.341,792.319,727.137,564.817,509.685,521.663,286.708,320.228,517.905,605.104,640.061,584.527,458.626,413.321,423.542,282.288,312.708,507.058,593.157,630.163,577.915,451.852,406.296,417.383,79.329,96.577,142.823,154.404,142.939,123.138,108.629,99.107,97.979,7398.304,7224.692,12345.93,14750.327,16795.011,15710.995,11615.885,10529.317,10718.818,7.792,7.857,6.218,4.194,3.543,4.082,3.852,3.25,28.348,28.469,25.494,21.896,112.378,109.371,96.591,80.406,241.101,280.915,245.712,216.632,7.643,7.779,7.727,7.691,6.233,6.535,6.394,6.303,6.137,6.382,6.26,6.179,1.725,1.971,1.763,1.608,160.833,147.443,152.419,153.649,171.768,61.426,5.766,-102.854,-5.5,19.865,6.749,-14.45,-39.256,27.326,9.631,-5.531,-9.376,-2.549,0.218,-2.989,-4.337,3.199,451.739,30.147,49.068,-92.282,-33.405,176.669,-91.157,-16.974,-39.533,2071.976,140.552,232.572,-472.667,-169.256,815.564,-400.451,-61.666,-199.798,2334.492,68.131,186.307,-1027.293,-639.063,666.839,-99.165,123.987,-385.082,2.319,0.027,0.781,-0.571,-0.112,0.789,0.084,-0.4,-1.07,4.087,0.194,1.231,-1.768,-0.08,1.454,0.057,-0.314,-1.846,4.259,0.175,1.268,-1.933,-0.092,1.513,0.28,-0.51,-1.94,12.918,0.567,-0.775,-5.321,-3.235,4.995,-0.052,-0.848,0.853,79.586,-2.704,-2.601,-33.746,-26.631,19.826,12.206,-4.67,-10.768,3.734,1.254,0.071,-1.071,0.594,0.197,-0.068,-0.098,9.82,0.615,0.606,-0.961,45.043,2.868,2.871,-4.924,50.75,1.39,2.3,-10.701,0.05,0.001,0.01,-0.006,0.089,0.004,0.015,-0.018,0.093,0.004,0.016,-0.02,0.281,0.012,-0.01,-0.055,1.73,-0.055,-0.032,-0.352,0.336,0.019,-0.287,0.331,-0.115,-0.164,0.063,0.062,-0.098,0.064,0.064,-0.109,0.027,0.045,-0.211,0.011,0.191,-0.118,0.045,0.171,-0.207,0.039,0.169,-0.217,0.041,-0.034,-0.197,-0.032,-0.019,-0.203,0.505,0.938,1.217,0.723,1.301,1.149,0.722,0.935,1.064,0.721,0.92,1.069,0.849,0.883,1.148,0.762,0.663,1.121,0.724,0.685,1.155,0.752,0.699,1.181,0.86,1.053,1.189,1.144,1.102,1.228,49,30,27,1,0,21,22,39,10,0,0,3,10,3,2,0,0,0,0.15,33,31.427,30.839,46.158,44.714,45.236,33.096,51.528,0.717,0.683,0.67,1.003,0.972,0.983,0.719,1.12,198.07,5,2,-5.826,278.34,55.271,26.379,4,0,0,2,2,0,0,0,0,0,0,0,2,0,0,2,0,0,0,0,0,0,0,0,4,0,0,2,2,0,0,0,0,0,0,0,2,0,0,2,0,0,0,0,0,0,0,0,0,0,0,0,0,0,0,0,0,0,0,0,0,0,0,0,0,0,0,0,0,0,0,0,1,0,0,0,0,0,1,0,0,0,0,1,0,0,0,0,0,1,0,0,0,0,1,0,0,0,0,0,1,0,0,0,0,1,0,0,0,0,0,1,0,0,0,0,0,0,0,0,0,0,0,0,0,0,0,0,0,0,0,0,0,0,0,0,0,0,5,0.167,4.003,108.828,75.6,100.9,6,3.111,1.576,1.286,0.657,0.527,0.303,0.172,0.187,0.119,0.2,0.074,0.041,0.04,0.023,0.02,0.012,0.008,0.009,0.006,0.433,5.907,377.131,8.199
CC(C1OC(C2=CC=CC=C2)=CN=1)NC(C(NC1=CC2=C(N=C(O2)C)C=C1)=O)=O,0,0,20,21,47,29,0,0,8,18,0,21,4,4,0,0,0,0,0,0,0,462,475,676,603,531,532,519,462,398,172,211,320,325,314,278,256,228,227,1226,1382,2056,2069,1913,1809,1662,1509,1418,4856.492,5317.594,7843.573,7635.869,6954.671,6589.201,6072.618,5541.807,5164.632,11292.182,14017.483,19875.95,20425.073,19469.128,17664.511,15899.5,14934.836,14713.954,373.497,396.538,652.604,797.614,797.963,740.725,699.457,617.465,630.18,307.973,334.829,545.439,658.447,654.393,608.786,572.625,505.988,510.938,305.07,327.908,536.953,652.085,647.506,602.981,568.492,500.837,504.397,73.983,92.216,132.234,139.273,134.151,121.18,109.657,103.662,105.378,7577.965,7356.868,12553.511,15889.154,16019.416,14703.791,14234.441,12574.055,13077.55,9.83,9.5,8.244,6.091,3.66,4.22,3.902,3.283,26.085,27.64,25.073,20.899,103.33,106.352,95.653,77.13,240.259,280.35,242.39,206.314,7.947,7.931,7.959,8.057,6.553,6.697,6.652,6.651,6.491,6.558,6.548,6.587,1.574,1.844,1.613,1.407,161.233,147.137,153.092,160.497,204.553,72.497,50.907,-69.399,-110.177,-59.381,7.891,44.359,53.758,28.936,9.025,-2.655,-5.227,-11.439,-5.492,-0.839,-2.149,0.303,340.553,14.858,85.077,-63.442,-113.794,-99.402,-2.045,9.614,67.758,1613.697,71.164,389.932,-299.349,-529.526,-473.829,-13.89,39.517,311.255,2198.516,5.303,-72.753,-98.096,-376.335,-735.855,-16.659,-76.805,-97.038,4.378,-0.383,1.222,0.134,-1.987,-0.726,0.855,0.593,0.528,6.321,-0.264,2.225,-0.398,-2.923,-1.25,0.801,0.714,1.367,6.903,-0.442,2.342,-0.155,-3.225,-1.254,1.021,0.796,1.32,10.367,-0.698,-1.834,1.059,-1.235,-3.098,0.502,-0.592,-2.165,74.686,-12.507,-19.664,26.616,-9.613,-24.902,6.92,-1.973,-15.296,4.352,1.45,0.621,-0.701,0.616,0.181,-0.032,-0.053,7.246,0.297,1.038,-0.641,34.334,1.423,4.755,-3.024,46.777,0.106,-0.887,-0.991,0.093,-0.008,0.015,0.001,0.134,-0.005,0.027,-0.004,0.147,-0.009,0.029,-0.002,0.221,-0.014,-0.022,0.011,1.589,-0.25,-0.24,0.269,0.333,0.143,-0.161,0.293,-0.053,-0.086,0.041,0.143,-0.088,0.041,0.139,-0.088,0.002,-0.019,-0.021,-0.082,0.16,0.014,-0.039,0.202,-0.03,-0.06,0.194,-0.011,-0.063,-0.101,0.048,-0.157,-0.151,0.169,0.407,0.723,1.157,0.779,1.163,1.06,0.681,0.695,1.05,0.685,0.701,1.046,0.88,0.929,0.932,0.805,0.709,1.113,0.731,0.647,1.121,0.77,0.668,1.12,1.047,1.069,0.89,1.283,1.224,0.866,50,32,27,2,0,21,23,39,11,0,0,5,12,1,2,1,0,0,0.143,34,32.503,31.768,47.966,46.694,47.352,32.743,52.738,0.723,0.692,0.676,1.021,0.993,1.007,0.697,1.122,212.08,6,2,-6.182,279.41,54.68,26.686,4,0,0,2,2,0,0,0,0,0,0,0,2,0,0,2,0,0,0,0,0,0,0,0,4,0,0,2,2,0,0,0,0,0,0,0,2,0,0,2,0,0,0,0,0,0,0,0,0,0,0,0,0,0,0,0,0,0,0,0,0,0,0,0,0,0,0,0,0,0,0,0,1,0,0,0,0,0,1,0,0,0,0,1,0,0,0,0,0,1,0,0,0,0,1,0,0,0,0,0,1,0,0,0,0,1,0,0,0,0,0,1,0,0,0,0,0,0,0,0,0,0,0,0,0,0,0,0,0,0,0,0,0,0,0,0,0,0,4,0.125,3.607,105.872,110.26,110.26,6.5,3.333,1.917,1.499,0.952,0.564,0.478,0.309,0.185,0.164,0.203,0.074,0.046,0.039,0.027,0.018,0.016,0.011,0.007,0.007,0.448,6,390.133,8.301
O=C(C1=CN=C(N=C1)N2CCN(CC2)C3=NC=CC=C3)NC4=CC=C(OC)C=C4,0,0,18,18,51,29,0,0,8,22,0,21,6,2,0,0,0,0,0,0,0,416,424,574,543,465,422,406,411,352,172,215,329,372,340,316,289,248,215,1200,1405,1998,2151,1966,1729,1518,1416,1332,4741.012,5364.155,7460,7848.193,6933.809,6074.175,5368.97,5146.761,4883.107,11470.364,14251.522,20222.06,22502.608,21159.875,19775.257,17084.617,14344.29,13075.561,394.07,423.749,719.946,892.604,948.728,905.962,798.234,674.693,555.908,322.149,356.88,597.944,732.125,772.46,728.717,639.312,544.488,455.609,318.779,349.704,590.319,722.572,765.007,720.105,630.714,539.733,451.609,76.895,95.687,138.779,159.487,154.959,149.579,130.418,104.164,89.706,8369.213,8066.377,14541.424,18456.522,20132.214,19621.091,17239.015,14747.599,11587.391,8.157,7.852,6.308,4.722,3.373,3.981,3.615,3.235,23.529,26.019,21.956,18.704,92.961,99.336,81.978,68.245,224.909,263.917,222.22,195.675,7.727,7.847,7.911,7.762,6.317,6.609,6.571,6.366,6.251,6.476,6.487,6.283,1.508,1.772,1.525,1.387,164.102,149.377,159.796,160.491,203.922,61.26,-6.017,-67.725,-92.146,9.479,67.89,61.175,-52.285,26.98,9.374,-5.808,-14.289,-4.463,4.634,3.061,2.465,-2.463,367.922,28.103,-3.154,-52.353,-171.616,-25.208,64.674,133.351,2.068,1751.819,130.546,-11.663,-248.807,-814.692,-122.641,295.204,631.329,19.62,2461.263,-135.412,148.917,-466.369,-735.906,-81.344,-280.457,678.495,207.658,3.35,-0.176,-0.027,-0.962,-0.751,0.338,0.861,0.928,-1.256,5.546,0.148,-0.101,-1.267,-2.016,0.228,1.764,1.77,-1.495,5.902,-0.028,-0.03,-1.516,-1.886,0.411,1.849,1.694,-1.904,11.063,-1.775,1.239,-2.811,-1.758,0.169,-2.682,1.979,0.4,83.045,-33.013,19.25,-33.509,12.803,25.856,-39.158,3.643,-14.954,3.998,1.134,-0.066,-0.589,0.529,0.174,-0.064,-0.124,7.214,0.52,-0.035,-0.455,34.349,2.418,-0.128,-2.164,48.26,-2.508,1.636,-4.055,0.066,-0.003,0,-0.008,0.109,0.003,-0.001,-0.011,0.116,-0.001,0,-0.013,0.217,-0.033,0.014,-0.024,1.628,-0.611,0.212,-0.291,0.284,-0.017,-0.147,0.328,-0.121,-0.235,0.072,-0.005,-0.063,0.07,-0.004,-0.063,-0.052,0.034,-0.084,-0.05,-0.004,-0.127,0.025,-0.01,-0.101,-0.004,-0.003,-0.114,-0.152,0.063,-0.113,-0.375,0.13,-0.179,0.531,1.027,1.134,0.704,1.283,1.378,0.739,0.928,1.007,0.744,0.925,1.007,0.993,0.875,1.029,0.849,1.074,1.105,0.753,1.045,1.076,0.8,1.066,1.1,1.177,0.883,1.075,1.574,1.004,1.237,54,32,35,1,0,18,19,44,10,0,0,5,9,1,4,0,0,0,0.238,34.333,32.507,32.937,51.406,49.831,50.528,34.697,57.731,0.673,0.637,0.646,1.008,0.977,0.991,0.68,1.132,212.08,7,1,-4.641,291.93,57.943,32.085,4,0,0,0,4,0,0,0,0,0,0,0,3,0,0,0,3,0,0,0,0,0,0,0,3,0,0,0,3,0,0,0,0,0,0,0,2,0,0,0,2,0,0,0,0,0,0,0,1,0,0,0,1,0,0,0,0,0,0,0,1,0,0,0,1,0,0,0,0,0,0,0,0,0,0,0,0,0,0,0,0,0,0,0,0,0,0,0,0,0,0,0,0,0,0,0,0,0,0,0,0,0,0,0,0,0,0,0,0,0,0,0,0,0,0,0,0,0,0,0,0,0,0,0,0,0,0,0,0,0,0,0,0,0,0,0,0,0,5,0.156,2.459,111.642,83.48,83.48,5,3.333,1.188,1.018,0.889,0.603,0.314,0.201,0.144,0.111,0.156,0.078,0.027,0.028,0.027,0.021,0.011,0.007,0.006,0.005,0.366,6,390.18,7.651
BrC1=CC=C(C2=NOC(NC(C3=CC=CC(OCC)=C3)=O)=C2)C=C1,0,0,17,17,39,24,0,0,6,15,0,18,2,3,0,0,0,0,1,0,1,347.067,357.037,473.556,438.556,435.037,416.037,310.074,288.593,244.037,137,167,246,257,230,215,196,172,149,2178,1287,1920,1971,1717,1580,1567,1541,1137,10156.94,5093.303,7586.102,7529.921,6407.291,5982.452,6088.781,6012.219,4346.263,9928.77,11842.28,16599.075,16987.419,15415.066,14144.302,12773.467,11477,9919.497,307.327,323.072,519.645,631.84,586.753,578.77,525.396,476.343,407.035,252.391,272.12,432.199,517.141,482.393,473.225,427.208,388.181,331.704,248.207,265.624,423.325,508.314,474.616,467.717,421.089,382.692,327.968,70.522,80.578,115.637,122.255,109.704,99.695,92.259,82.645,69.609,6174.463,5932.162,9874.248,12526.583,11564.29,11635.134,10697.761,9676.084,8224.982,8.899,8.708,7.175,5.482,3.513,4.073,3.727,3.212,55.846,31.39,29.091,24.638,260.434,124.227,114.941,94.124,254.584,288.836,251.501,212.343,7.88,7.88,7.873,7.898,6.472,6.637,6.548,6.464,6.364,6.479,6.414,6.354,1.808,1.965,1.752,1.528,158.32,144.687,149.61,156.582,160.679,51.792,22.701,-23.039,-2.198,16.693,-20.136,-12.241,-44.022,21.897,6.262,-0.724,-1.661,-3.421,-0.757,-1.388,0.337,0.596,1192.974,5.719,58.966,-179.717,-243.515,81.715,118.198,46.065,53.008,6312.084,23.739,291.55,-906.009,-1240.136,419.301,611.206,204.321,291.82,2004.764,15.221,-62.587,52.764,-656.28,5.424,101.194,108.67,331.812,3.373,0.198,0.411,-1.289,-0.267,0.691,-0.779,0.322,-0.721,4.826,0.366,0.828,-1.599,-0.462,0.979,-0.864,0.304,-1.186,5.057,0.41,0.913,-1.648,-0.343,1.13,-1.181,0.152,-1.344,12.137,-0.073,-0.188,0.508,-4.139,0.61,0.685,-0.22,2.577,58.237,0.206,-9.876,1.997,-20.144,-3.975,-8.942,3.06,20.332,4.12,1.263,0.344,-0.288,0.561,0.153,-0.011,-0.021,30.589,0.139,0.893,-2.246,161.848,0.579,4.417,-11.325,51.404,0.371,-0.948,0.66,0.086,0.005,0.006,-0.016,0.124,0.009,0.013,-0.02,0.13,0.01,0.014,-0.021,0.311,-0.002,-0.003,0.006,1.493,0.005,-0.15,0.025,0.307,0.083,-0.07,0.272,-0.02,-0.037,0.005,0.029,-0.073,0.004,0.027,-0.07,0.007,-0.018,0.013,0.056,0.072,-0.186,0.072,0.101,-0.162,0.077,0.107,-0.159,-0.006,-0.009,0.02,0.003,-0.1,0.017,0.47,0.815,1.091,0.762,1.117,1.063,0.484,0.588,1.019,0.481,0.585,1.014,0.809,0.89,0.925,0.691,0.825,1.292,0.637,0.76,1.231,0.663,0.782,1.25,0.774,0.838,0.934,1.058,1.117,0.97,41,26,23,1,0,17,18,32,9,0,0,2,12,2,2,0,0,0,0.111,32.667,32.24,27.013,39.649,38.533,38.952,28.574,43.373,0.838,0.827,0.693,1.017,0.988,0.999,0.733,1.112,124.06,4,1,-6.228,248.27,47.718,21.338,3,0,0,1,2,0,0,0,0,0,0,0,1,0,0,1,0,0,0,0,0,0,0,0,3,0,0,1,2,0,0,0,0,0,0,0,1,0,0,1,0,0,0,0,0,0,0,0,0,0,0,0,0,0,0,0,0,0,0,0,0,0,0,0,0,0,0,0,0,0,0,0,0,0,0,0,0,0,0,0,0,0,0,0,0,0,0,0,0,0,0,0,0,0,0,0,0,0,0,0,0,0,0,0,0,0,0,0,0,0,0,0,0,0,0,0,0,0,0,0,0,0,0,0,0,0,0,0,0,0,0,0,0,0,0,0,0,0,5,0.192,4.755,95.203,64.36,64.36,5,2.444,1.222,1.134,0.719,0.401,0.306,0.138,0.12,0.102,0.192,0.07,0.037,0.038,0.026,0.017,0.014,0.007,0.007,0.007,0.414,5.7,386.027,9.898
CC1=NNC(=N1)C=2C=CC(NC(=O)C3=CC=4C=NC=CC4O3)=CC2,0,0,20,21,37,24,0,0,7,13,0,17,5,2,0,0,0,0,0,0,0,380,405,566,491,439,366,340,268,282,143,176,266,261,236,207,178,168,156,998,1149,1684,1627,1443,1246,1152,928,903,3958.615,4443.971,6456.494,6035.021,5259.216,4601.361,4203.787,3343.817,3346.744,9253.228,11508.374,16456.551,16350.301,14683.793,12820.224,11660.726,10386.722,9500.676,293.24,318.428,509.336,592.005,587.66,512.445,457.548,428.066,372.104,243.338,270.197,428.404,491.938,483.89,418.222,377.797,346.958,302.902,240.794,264.833,421.302,485.83,478.629,412.904,373.856,342.395,298.444,60.528,75.473,109,111.499,101.805,89.275,80.66,75.579,68.352,5986.536,5962.082,9806.585,11714.155,11948.789,10588.537,9092.66,8996.356,7755.235,10.27,10.125,8.844,6.635,3.865,4.4,4.156,3.527,26.973,28.725,26.312,21.986,106.99,111.099,100.883,81.554,250.087,287.709,257.134,220.95,7.925,7.961,7.958,8,6.577,6.755,6.694,6.648,6.508,6.621,6.583,6.565,1.636,1.887,1.703,1.507,161.798,149.052,153.228,158.299,151.243,45.602,6.877,-73.432,-43.378,-4.218,-43.591,14.983,42.894,21.676,6.567,-4.007,-7,-6.649,-2.124,0.932,2.14,-0.219,253.243,11.494,38.066,-91.324,-95.865,53.08,-96.456,0.389,81.245,1202.728,55.062,175.057,-434.682,-450.806,255.629,-456.854,6.572,377.916,1668.678,36.83,-49.805,-441.501,-389.435,297.655,-444.662,167.026,156.65,2.847,-0.153,0.343,-0.263,-1.156,-0.513,-0.421,-0.278,1.1,4.374,-0.065,0.813,-1.008,-1.94,-0.214,-0.999,-0.38,1.87,4.77,-0.143,0.81,-0.969,-2.108,-0.512,-0.819,-0.421,2.001,7.817,-0.165,-1.095,-1.267,-1.382,0.267,-0.825,1.053,-0.055,64.149,-3.331,-8.156,-6.885,-8.901,-8.856,14.644,9.2,-8.345,4.088,1.14,0.107,-0.992,0.586,0.164,-0.063,-0.095,6.844,0.287,0.595,-1.234,32.506,1.377,2.735,-5.874,45.099,0.921,-0.778,-5.966,0.077,-0.004,0.005,-0.004,0.118,-0.002,0.013,-0.014,0.129,-0.004,0.013,-0.013,0.211,-0.004,-0.017,-0.017,1.734,-0.083,-0.127,-0.093,0.279,0.026,-0.243,0.28,-0.107,-0.161,0.042,0.087,-0.18,0.042,0.084,-0.181,0.02,-0.017,-0.132,-0.05,0.07,-0.046,-0.014,0.107,-0.115,-0.028,0.098,-0.102,-0.02,-0.081,-0.081,-0.048,-0.074,-0.054,0.44,0.818,1.179,0.706,1.181,1.1,0.652,0.711,1.09,0.654,0.715,1.088,0.803,0.885,1.031,0.801,0.801,1.136,0.726,0.728,1.144,0.764,0.756,1.15,0.939,1.012,1.02,1.153,1.133,1.065,40,27,18,1,0,21,22,30,10,0,0,5,9,2,1,0,0,0,0.059,27.667,26.586,25.741,37.748,36.875,37.38,26.444,41.572,0.748,0.719,0.696,1.02,0.997,1.01,0.715,1.124,177.07,5,2,-5.57,225.59,44.162,19.066,4,0,0,2,2,0,0,0,0,0,0,0,3,0,0,2,1,0,0,0,0,0,0,0,4,0,0,2,2,0,0,0,0,0,0,0,3,0,0,2,1,0,0,0,0,0,0,0,0,0,0,0,0,0,0,0,0,0,0,0,0,0,0,0,0,0,0,0,0,0,0,0,1,0,0,0,0,0,1,0,0,0,0,1,0,0,0,0,0,1,0,0,0,0,1,0,0,0,0,0,1,0,0,0,0,1,0,0,0,0,0,1,0,0,0,0,0,0,0,0,0,0,0,0,0,0,0,0,0,0,0,0,0,0,0,0,0,0,3,0.111,3.174,88.518,96.7,96.7,5,2.667,1.389,1.339,0.57,0.388,0.29,0.121,0.11,0.118,0.185,0.07,0.041,0.046,0.022,0.017,0.015,0.006,0.006,0.008,0.418,5.755,319.107,8.625
COC1=CC=C(N=C(NC2=CC=C(OC)C=C2)C=C3)C3=C1,0,0,16,17,37,21,0,0,4,16,0,17,2,2,0,0,0,0,0,0,0,292,304,402,384,297,266,216,202,166,124,151,231,248,219,201,172,148,130,854,997,1387,1458,1231,1073,904,806,704,3373.075,3801.295,5204.563,5347.864,4338.052,3799.242,3194.082,2864.917,2508.009,8616.537,10655.728,14823.949,16012.634,14417.683,12611.082,10787.183,9509.469,8246.195,282.791,303.369,493.262,567.296,584.302,570.467,469.694,397.73,351.105,230.133,254.472,407.54,467.492,474.648,455.682,376.48,320.558,281.688,227.04,248.704,400.715,459.834,467.054,449.202,370.876,315.914,277.15,58.232,71.975,101.515,112.54,107.192,96.757,81.56,71.591,61.692,5907.569,5664.401,9625.513,11285.419,12045.253,12355.332,10060.696,8448.119,7363.614,7.892,7.795,6.381,5.26,3.351,3.872,3.667,3.397,23.081,25.564,22.016,19.973,91.164,97.469,82.612,73.258,232.879,273.224,235.301,219.351,7.643,7.779,7.83,7.771,6.22,6.525,6.469,6.404,6.136,6.377,6.361,6.299,1.574,1.846,1.611,1.542,159.664,145.241,152.786,154.595,144,46,-14,-64,-43,34,-6,0,-8,20.108,9.156,-0.968,-7.835,-3.82,1.64,-1.319,-1.452,-2.786,262,17,19,-78,-129,61,4,-6,12,1249.204,79.294,99.532,-366.552,-616.999,283.799,20.966,-32.357,55.178,1868.59,-13.925,326.358,-353.497,-898.573,176.545,69.198,15.324,-62.754,2.428,-0.09,-0.539,-0.918,-0.675,0.972,-0.208,0.645,-0.032,3.806,0.09,-0.56,-1.518,-1.403,1.52,-0.234,0.624,0.141,4.015,-0.001,-0.667,-1.621,-1.373,1.669,-0.307,0.827,0.091,8.577,-0.668,1.8,-1.198,-3.717,0.451,0.218,0.569,-0.766,55.994,-8.008,3.269,-10.419,-20.854,1.575,-1.129,19.431,-9.352,3.892,1.179,-0.222,-0.877,0.543,0.235,-0.015,-0.107,7.081,0.436,0.302,-1.068,33.762,2.033,1.58,-5.021,50.502,-0.357,5.18,-4.842,0.066,-0.002,-0.009,-0.013,0.103,0.002,-0.009,-0.021,0.109,0,-0.011,-0.022,0.232,-0.017,0.029,-0.016,1.513,-0.205,0.052,-0.143,0.303,-0.057,-0.225,0.432,-0.028,-0.197,0.062,0.043,-0.151,0.06,0.047,-0.149,-0.007,0.103,-0.096,-0.035,-0.13,-0.192,0.022,-0.086,-0.202,0,-0.097,-0.205,-0.074,0.123,-0.071,-0.136,0.034,-0.094,0.554,1.107,1.212,0.643,1.165,1.263,0.759,0.89,1.069,0.763,0.882,1.066,0.917,0.809,1,0.916,1.382,1.244,0.809,1.222,1.225,0.851,1.273,1.254,1.055,0.839,1.006,1.22,1,1.173,39,23,22,0,0,17,17,31,8,0,0,1,13,1,0,0,0,0,0.118,24.667,23.339,24.28,37.09,35.886,36.336,25.666,41.323,0.667,0.631,0.656,1.002,0.97,0.982,0.694,1.117,109.04,4,1,-5.16,215.11,42.863,21.233,3,0,0,0,3,0,0,0,0,0,0,0,1,0,0,0,1,0,0,0,0,0,0,0,3,0,0,0,3,0,0,0,0,0,0,0,1,0,0,0,1,0,0,0,0,0,0,0,0,0,0,0,0,0,0,0,0,0,0,0,0,0,0,0,0,0,0,0,0,0,0,0,1,0,0,0,0,0,0,1,0,0,0,1,0,0,0,0,0,0,1,0,0,0,1,0,0,0,0,0,0,1,0,0,0,1,0,0,0,0,0,0,1,0,0,0,0,0,0,0,0,0,0,0,0,0,0,0,0,0,0,0,0,0,0,0,0,0,4,0.174,3.996,84.572,43.38,43.38,4.5,1.778,0.875,1.209,0.361,0.403,0.182,0.123,0.128,0.045,0.196,0.057,0.028,0.05,0.017,0.022,0.011,0.009,0.012,0.005,0.408,5.524,280.121,7.571
