Domain,-,E,H,T,S,B,G,I
5UYO.pdb,2.423560811,2.023294003,2.090710479,1.907167308,0,0,0,0
HHH_rd1_0197.pdb,3.330917646,0,3.026782189,2.736855385,0,0,0,0
HHH_rd1_0244.pdb,2.326126374,0,1.988640623,1.913396378,1.303954197,0,0,0
2LYR.pdb,3.12195451,0,2.80408541,2.954415688,2.890458761,2.172215752,0,0
4UZW.pdb,2.207454469,0,1.400229641,1.244276921,0.274659183,0,1.442736715,0
2LSS.pdb,2.475070823,1.533533562,2.093427225,2.592236702,2.729299543,0,0,0
2N7Y.pdb,3.005794883,2.927270835,3.158495919,2.992083333,2.056072448,0,0,0
v2_5XK5.pdb,3.756235469,3.101031309,2.879476429,3.978531962,3.900681475,4.142377866,3.776098809,0
6OBK.pdb,3.427839914,0,2.825249193,3.278508401,2.154968353,0,3.170808869,0
1GXI.pdb,1.364148445,0.772193934,0,1.056182721,1.377906309,0,1.132987609,0
6IPY.pdb,4.133992301,3.27842759,0,4.162712212,4.340638925,2.877829149,4.199739419,0
HEEH_KT_rd6_3632.pdb,3.706046697,3.257410586,3.502468871,3.545772057,3.536564665,0,0,0
EHEE_rd4_0172.pdb,1.185648263,0.655029588,0.875423818,1.017021205,1.720837988,0,0,0
EHEE_rd3_0067.pdb,2.241010269,1.525825571,1.815749912,1.391662164,1.507682355,0,0,0
XX:run7_0974_0003.pdb,1.692424587,0,1.417827457,1.444434546,0,0,0,0
2MKY.pdb,2.126264776,1.604892597,1.717738814,1.421970745,0,0,2.024549571,0
EHEE_rd2_0196.pdb,2.828138654,2.010442701,2.400114119,2.047800543,2.307850836,0,0,0
1O6X.pdb,3.550719718,3.357917964,3.384116522,3.471674311,3.414878635,0,3.807044018,0
GG:run3_1315_0003.pdb,2.904501749,2.486300767,2.876406845,2.607647969,2.893226172,0,0,0
2JY8.pdb,2.26351661,0,1.967937427,1.846249056,1.670692552,0,0,0
1OPS.pdb,2.364128374,0.735290936,2.559145594,2.249746662,2.048191417,1.240652749,2.543115099,0
5VNT.pdb,0.953896837,0,0.783356506,1.025178929,0.765557662,0,0.915790108,0
2KT8.pdb,2.725257802,1.811315062,0,2.360100153,2.282745074,0,1.972732975,0
2LUM.pdb,3.56345908,3.075383519,3.399016698,3.942129971,4.185925708,0,0,0
2M0Y.pdb,1.674452261,1.055597831,0,1.69355222,2.343144102,0.186387688,1.661285302,0
1A0N.pdb,2.198370882,1.743307633,0,2.097336368,2.58176977,1.578358933,2.447662801,0
2MYX.pdb,1.48688996,0,1.23434708,1.1770119,-0.090649245,0,0,0
HHH_rd1_0598.pdb,0.482348008,0,0.789216226,0.321248807,0.003050597,0,0,0
1GL5.pdb,1.978836932,1.07259305,0,1.880486016,1.965723999,1.616043181,1.81871039,0
2MXD.pdb,3.309133522,0,2.837366263,3.155801209,1.403505966,0,0,0
2KXD.pdb,3.950899785,2.4625742,0,3.759927243,3.685101733,2.348465714,2.646059135,0
2ROT.pdb,2.095781405,1.733213677,0,2.169996021,2.308378456,1.226710922,1.916035815,0
EA:run2_0325_0005.pdb,3.021709914,2.978998284,2.602052774,2.60055482,3.133928307,0,0,0
2KVS.pdb,3.536866077,0,3.357070726,3.926008095,3.091498528,0,0,0
5FW9.pdb,3.946306421,3.306928987,0,3.845911892,4.395306054,2.576722657,3.848220384,0
2LT1.pdb,1.967360581,1.550422527,2.270236109,1.551660903,0,0,0,0
2JWS.pdb,2.985449843,0,2.632939225,2.472132403,2.434403564,0,0,0
1ORC.pdb,3.555000648,3.1229834,3.206904914,3.301769611,2.834983815,0,0,0
2M8J.pdb,2.13912803,1.512060981,0,2.430327975,2.248040481,0,2.587990834,0
2LGW.pdb,2.85345902,0,2.870079164,3.269609807,2.376283128,0,3.73427406,0
2BTH.pdb,2.442404244,0,2.367809015,2.265895911,2.370869603,2.051403682,2.772054142,0
1UCS.pdb,3.027973899,2.025411958,2.615321218,3.158358484,3.164279413,2.185461781,3.446122114,0
r7_562_TrROS_Hall.pdb,3.585941942,3.174977636,3.671247232,3.580275397,3.156918533,0,0,0
HHH_rd4_0124.pdb,1.552089195,0,1.487416866,1.451129338,0,0,0,0
HHH_rd1_0516.pdb,0.905428699,0,0.990814015,0.689981285,0,0,0,0
2LXK.pdb,2.240746013,1.390607937,0,2.179625877,2.27512455,0.538073263,1.403488799,0
EHEE_rd2_0372.pdb,2.449176597,1.543808919,2.030666516,1.423315697,2.185932367,0,0,0
EEHEE_rd4_0481.pdb,0.659964978,0.672580178,0.648944214,0.54627085,0.503740399,0,0,0
6NMW.pdb,2.833831801,1.870069694,0,2.409874453,2.641240346,1.279650589,2.836243463,0
2M7O.pdb,3.343023414,2.681280412,3.055807995,3.279277921,2.938087103,0,0,0
2YSC.pdb,1.014838439,1.025599718,0,1.018931255,1.69460991,0,0,0
2MKX.pdb,2.312041528,2.112958794,2.093977701,2.464321677,2.652444193,0,0,0
EEHEE_rd3_0019.pdb,1.040953493,0.983820847,0.906484181,1.083005307,1.632983495,0,0,0
EHEE_rd2_0152.pdb,1.732792564,0.98220098,0.824860727,0.88010766,0.576277483,0,0,0
2LC2.pdb,2.318289661,0,2.176841536,2.225341378,2.807175262,0,2.676094487,0
2PTL.pdb,3.08771168,2.591724064,2.896213061,2.912332832,2.739237612,0,2.637169927,0
1IGD.pdb,3.55649927,2.981615274,3.027344677,4.352958928,4.268886671,0,0,0
1I2T.pdb,3.200975133,0,2.833185648,2.795838646,2.591633626,0,0,0
2K52.pdb,2.182962044,1.795005949,0,2.256743465,2.262977083,0,2.529147606,0
2B88.pdb,2.013167922,0,2.555657414,2.651909846,0,0,2.563292854,0
6RO9.pdb,4.184151526,3.208862642,0,4.100316661,4.286927725,2.883845352,4.242786252,0
3ZOB.pdb,2.406598711,0,2.133315895,2.205543653,2.521776558,0,0,0
EHEE_rd3_0035.pdb,2.333096129,1.47802515,1.507090013,1.238269529,1.651999885,0,0,0
2LP5.pdb,2.799117391,2.282863327,0,2.856087114,3.271199851,2.437260425,3.45792592,0
XX:run1_0455_0002.pdb,3.0031152,2.806102117,2.755895572,2.884874087,3.102901832,0,0,0
2N4S.pdb,1.865244136,1.42875091,0,1.904485953,1.594484834,0,0,0
2M0X.pdb,3.567472994,3.757842955,3.530343095,4.103125547,4.370321061,3.79421816,4.017460384,0
r3_35_TrROS_Hall.pdb,4.662857098,4.352617309,4.518442983,4.763770421,4.900079014,0,0,0
3ZGK.pdb,2.790885311,0,2.607136583,2.603836313,3.186178564,0,2.970590689,0
HEEH_KT_rd6_2408.pdb,3.181137161,3.338258596,2.961945469,3.361202047,3.475323365,0,0,0
EEHEE_rd2_0770.pdb,1.44771385,1.642913974,1.213624489,1.450459517,1.644252076,0,0,0
1MHN.pdb,1.729136898,1.329695322,0,1.610096902,0,1.127359299,0,0
1PV0.pdb,2.948607259,0,2.763205039,2.83948896,2.485849588,0,0,0
2K5N.pdb,3.241598544,2.277618558,0,3.342093804,2.956567904,1.898425854,3.693750847,0
1W4G.pdb,1.624662465,0,1.450553678,1.563604119,-0.477385591,0.338645341,0,0
1YU5.pdb,2.794040721,0,2.566177379,3.036179034,1.927369854,0,2.994049105,0
5ECA.pdb,2.646598152,2.287497466,0,2.589461154,2.899373191,1.986509164,3.08031005,0
2MA4.pdb,1.857768025,1.264237641,1.636290399,1.691376781,2.325121479,2.13427066,2.111097862,0
2KGT.pdb,1.355471534,0.824570917,0,1.422475962,1.417364002,0.412079364,1.317067834,0
2K2A.pdb,1.243111632,0.844290595,1.308540147,1.729124598,1.204741646,0,0,0
2JWT.pdb,1.78977412,0,1.705021623,1.422475585,2.047917007,0,0,0
EA:run3_1140_0005.pdb,3.569771483,3.259014684,3.465348233,3.561883423,3.760427348,0,0,0
XX:run1_0461_0006.pdb,3.421531815,3.126724027,3.306752659,3.135186045,3.733993049,0,0,0
1W4H.pdb,2.239427726,0,2.242935567,2.074307495,2.04504456,1.839945734,2.551901363,0
XX:run8_1203_0001.pdb,4.713868982,4.325532407,4.296193064,4.514835044,4.94729204,0,0,0
2EXD.pdb,3.634042781,3.187459062,0,3.530638668,3.755829334,0,0,0
EHEE_rd2_0801.pdb,4.197330261,3.164405138,3.471775154,3.59756042,3.845903072,0,0,0
3L1X.pdb,1.048278178,0.326854127,1.028080604,0.884327586,1.063029906,1.342311461,1.634888766,0
EEHEE_rd4_0470.pdb,1.55982968,1.438287965,1.402747909,1.431325419,1.420973125,0,0,0
4AME.pdb,0.941984183,0.463398991,0.330704383,2.567929729,1.757825441,0.318109484,2.44437492,0
EA:run3_0525_0006.pdb,3.508894363,2.952905072,3.505401153,3.544226148,3.295204975,0,0,0
2OP7.pdb,1.935092776,1.228038483,0,1.840942773,1.714277428,0,0,0
1QP2.pdb,1.154594314,0.741228549,0,1.04695214,0.678181487,0,1.145249616,0
EHEE_rd2_0487.pdb,2.723670026,2.054827171,1.806533646,1.477055669,2.571860504,0,0,0
7BPM.pdb,2.00277053,2.006639195,1.927266384,2.271296888,1.857784741,0,0,0
1QLY.pdb,3.203539269,2.397365449,0,3.389238188,3.635174109,2.169290798,3.417412547,0
EHEE_rd2_0191.pdb,2.004786812,1.186802579,1.432596817,0.970867739,1.222606943,0,0,0
3MYC.pdb,2.459415675,0,2.24560129,2.682561143,1.685651895,0,2.711549344,0
1VII.pdb,1.836340848,0,1.672342544,2.051871625,0.635788772,0,0,0
5FWB.pdb,2.8066317,2.163234698,0,2.608628425,3.007890769,2.014402344,2.623324511,0
6EWS.pdb,2.720321955,2.357009396,2.527118699,2.458543992,3.415218206,0,0,0
HHH_rd3_0159.pdb,1.529555781,0,1.711403538,0.858315968,0,0,0,0
HHH_rd1_0493.pdb,2.348960143,0,2.09185399,2.096939147,0,0,0,0
EHEE_rd4_0044.pdb,2.124863922,1.559945155,1.71918622,2.05938602,3.18914179,0,0,0
2PFU.pdb,4.047766088,3.317924418,3.758274601,3.835251668,3.737726628,0,0,0
1PGA.pdb,2.333986073,1.886824331,1.924345073,2.476445378,2.430162219,0,0,0
HEEH_rd4_0094.pdb,2.188765085,1.620800306,1.85723025,1.491193063,1.900493021,0,0,0
r3_162_TrROS_Hall.pdb,4.277629722,4.12165529,4.20706564,4.318925098,4.238326966,0,0,0
1ZRJ.pdb,1.755099074,0,0.977623111,0.318819635,0.889281246,0,1.469179605,0
2KVT.pdb,4.192820926,2.37251961,2.850006874,3.535750355,3.545314151,0,0,0
GG:run5_1309_0004.pdb,2.93698744,2.690439062,2.787182342,2.506184363,0,0,0,0
1TUC.pdb,2.312789518,1.352289014,0,2.315548883,2.441234393,1.352562554,1.807532534,0
XX:run6_1020_0004.pdb,2.963753637,3.14570926,2.994358425,2.903078698,3.040762606,0,0,0
XX:run8_0733_0006.pdb,3.012974461,2.588019887,2.695367587,2.713842192,0,0,0,0
5UCE.pdb,1.69494156,1.150099099,1.172029632,1.469534964,1.456590453,0,0,0
r11_951_TrROS_Hall.pdb,4.360053753,3.839231232,4.16931231,4.416716614,4.152435648,0,0,0
1K1V.pdb,1.238802627,0,1.492344106,1.694567607,0.893480529,0,0,0
2M2J.pdb,1.623756949,1.518848632,1.837270847,1.893892958,1.928025363,0,0,0
EHEE_rd4_0098.pdb,1.997111853,1.173467692,1.480695452,1.723331827,0.934407188,0,0,0
1UBQ.pdb,2.254619807,2.328407825,2.263991938,2.582994506,2.044932471,1.990728654,2.50810298,0
1BK2.pdb,2.614071564,1.840578816,0,2.461196155,2.997619545,1.018920734,2.384271674,0
1SIF.pdb,2.698252041,2.673557953,2.547351355,3.075433439,2.04318783,2.610572678,2.989812511,0
2LYQ.pdb,3.357031774,3.034828766,3.108311524,3.529105824,3.293285907,0,0,0
2JTV.pdb,2.577860989,2.953263601,2.556693635,3.261554322,1.317759281,0,0,0
2MCD.pdb,2.261655012,0,2.278399033,2.403846751,2.217522409,0.921211436,1.315939055,0
6SCW.pdb,3.144133578,1.843197074,0,3.020368315,3.302623896,0.955358748,2.623898309,0
HHH_rd1_0949.pdb,1.328398504,0,1.631807992,1.081947295,0,0,0,0
2MWA.pdb,1.68506678,1.138761432,0,1.595569193,1.148917007,0,1.733665189,0
2KRS.pdb,2.401729497,1.764114692,0,2.106265936,2.163723785,0,2.234808011,0
GG:run6_1310_0004.pdb,2.37120689,2.294349895,2.254267351,1.982072718,1.998352511,0,0,0
1EM7.pdb,2.728254491,2.265102755,2.242505134,2.79677334,3.099497407,0,0,0
2KFV.pdb,2.03117258,0,1.677357783,2.183569492,1.690569018,0.561641398,0,0
1PGX.pdb,2.468063814,1.842550254,2.103074308,2.378468753,2.434863442,0,0,0
EA:run7_1572_0002.pdb,2.692306839,2.697412218,2.542103034,2.716304292,2.719650497,0,0,0
r10_437_TrROS_Hall.pdb,2.548080586,2.064454213,2.182705727,2.327554352,0.878666162,0,0,0
1QKX.pdb,2.732293844,1.923619875,0,3.123555209,3.449923328,0.850484904,2.643038302,0
2LVN.pdb,1.334248255,0,1.175834566,1.439069035,0.268101345,0,0,0
EHEE_rd2_0251.pdb,2.980954032,2.192937809,2.537299727,1.664944475,2.283178912,0,0,0
EEHEE_rd3_0146.pdb,1.106746184,0.731681108,0.844137789,0.910637844,1.268755603,0,0,0
6SOW.pdb,3.136841375,0,3.132572159,3.375908034,0.404165253,0,3.507959752,0
r11_943_TrROS_Hall.pdb,2.250869884,2.030690381,2.583422549,2.295118587,1.450728683,0,0,0
EHEE_rd4_0929.pdb,1.857011087,0.882419937,1.343803581,1.023689476,1.862715729,0,0,0
EEHEE_rd3_1367.pdb,1.231294116,1.544168875,1.441283867,1.451865331,1.437930882,0,0,0
2K1B.pdb,1.90542701,1.272231757,2.030426817,1.727770191,1.874774597,0,2.204007653,0
4C26.pdb,3.374833758,3.416350701,3.461132815,3.540787659,3.622583105,3.154987704,0,0
2BTT.pdb,1.374088129,0.632982627,0,0.884679904,1.227094131,0.171203588,1.016342077,0
2KCM.pdb,3.411154369,2.480020671,0,2.830639131,2.481556753,0.461429387,3.473491392,0
1JIC.pdb,3.738768735,3.08824972,0,3.648043455,2.47104189,0,3.44570997,0
EEHEE_rd4_0759.pdb,3.214829012,2.93796452,2.863931564,3.068801246,3.494462371,0,0,0
6AME.pdb,1.674332214,0.691206606,0.006346136,1.643948291,1.51484377,0.615099345,2.557254058,0
1H8K.pdb,2.343973061,1.769919703,0,2.543290814,2.895993065,1.184653415,2.367447428,0
HHH_rd4_0676.pdb,1.853750693,0,2.076030274,1.84130091,0,0,0,0
EEHEE_rd4_0399.pdb,2.11865472,2.019158453,1.857251955,1.975104917,2.544333815,0,0,0
1PWT.pdb,3.065228097,2.176836567,0,3.259008321,3.566344183,1.114278864,2.866416682,0
2KYB.pdb,3.130689271,2.318237603,0,3.389233964,3.104927658,0,2.980595389,0
2N88.pdb,2.521773794,1.447139703,2.102953299,2.541749544,2.394280872,0,2.769892975,0
5Z2S.pdb,0.699011585,0,1.050971719,1.414114102,1.055590803,0,0,0
1QKH.pdb,2.841855064,2.799275914,3.086013562,3.27534842,3.544239386,3.523641327,3.056101132,0
EEHEE_rd4_0323.pdb,0.319647472,-0.014697954,0.070492147,0.08705862,0.021552187,0,0,0
3DKM.pdb,1.665889097,0.710579407,2.665074276,1.689411373,0.906304826,1.150167716,1.539895188,0
2WXC.pdb,1.718219841,0,1.624956849,1.746212804,1.545712843,1.212650459,0,0
2OCH.pdb,0.516955336,0,0.491712575,0.619334376,0.142436552,0,0,0
EEHEE_rd4_0871.pdb,2.469825548,2.331252956,2.535801461,1.997565538,2.515173152,0,0,0
v2R14S:R16S_2L3X.pdb,3.023436021,0,2.755710693,3.259921311,2.613690039,0,1.553812018,0
1S1N.pdb,2.460749205,1.903209271,0,2.572931268,2.567311602,2.200481033,3.170768538,0
2O2W.pdb,2.752125612,2.078839306,0,3.2857839,3.183956774,1.363637921,3.157450312,0
2KZI.pdb,3.158656947,0,3.120207946,3.38747081,2.574614327,0,3.244369892,0
1TG0.pdb,1.662573457,0.899198873,0,1.895926186,1.627608586,0.596509672,1.578321503,0
r15_550_TrROS_Hall.pdb,4.417454392,4.027356369,4.364297593,4.305422495,4.218537389,0,0,0
EEHEE_rd4_0371.pdb,2.371653838,2.467921878,2.306992057,2.567895487,2.609548616,0,0,0
1A32.pdb,2.330481386,0,2.280606346,2.724434473,0,0,0,0
2WQG.pdb,1.314489373,0,0.722232549,0.264370213,-0.182168574,0,0.689522784,0
2M9I.pdb,0.750100203,0.421950519,0,0.778281075,0.638433914,0,0,0
6EWT.pdb,3.518948608,2.570439058,3.128729562,3.108974664,3.780846814,0,0,0
3I35.pdb,1.762484426,1.364678471,0,2.050382791,2.918890463,0.601642908,2.344493175,0
HEEH_KT_rd6_1415.pdb,2.808820439,2.42504941,2.568036839,2.625948479,2.734670361,0,0,0
2M2L.pdb,2.035660942,0.862307638,1.496181217,1.405383183,2.489543531,0,2.288255796,0
2CDT.pdb,2.683321996,1.71040946,0,2.865737887,3.127820588,0.741154062,2.333345219,0
HHH_rd4_0557.pdb,3.171169336,0,2.926588691,2.975989864,0,0,0,0
2LO1.pdb,3.100809246,0,2.77822724,3.367167273,2.432138818,0,3.619674763,0
2M8E.pdb,1.206327143,0,0.965967118,0.688099591,0,0,0,0
2L2P.pdb,1.69391235,1.310202074,0,1.662435704,1.998068408,1.410660041,2.235692881,0
2M0C.pdb,2.141699778,0,2.335945119,3.291718114,2.659205823,0,0,0
3NGP.pdb,3.93381441,3.266168974,0,4.058952491,4.545795376,2.938330963,3.815589114,0
2MI6.pdb,3.087628592,2.524160809,0,2.829338056,2.276143624,0,0,0
2RJV.pdb,2.948792889,0,2.7484435,3.231496356,2.155022285,0,3.114499912,0
EEHEE_rd4_0848.pdb,2.947652089,3.084391911,2.855370955,2.779359258,3.719813747,0,0,0
2N4R.pdb,1.7750688,1.316818799,0,1.787186176,1.265065159,0,0,0
HEEH_KT_rd6_0961.pdb,4.278325772,4.223840627,3.820093465,4.057961494,4.205637356,0,0,0
6ACV.pdb,1.738041155,2.104142236,1.68460202,1.847689112,1.10888847,0,2.259364815,0
XX:run8_1063_0003.pdb,2.305778724,2.13237231,1.948181388,2.257815286,2.536673392,0,0,0
5KPH.pdb,3.469895755,3.209857744,3.43692613,3.385690858,0,0,0,0
1R69.pdb,2.442959963,0,1.861576911,2.005135984,2.583261045,0,0,0
2RU9.pdb,1.723208593,1.284791446,1.410891544,1.758497254,1.897485582,0,2.096983217,0
r10_1151_TrROS_Hall.pdb,3.622643001,2.995878261,0,3.366244002,2.952721274,0,3.459781294,0
1WCL.pdb,2.28283518,0,2.325140653,2.64426078,2.183770155,0,0,0
EA:run5_1055_0002.pdb,2.619887385,2.336662632,2.338001993,2.247742854,2.308634561,0,0,0
2L9R.pdb,1.225305968,0,1.307577628,1.602575395,1.166807016,0,0,0
1PSE.pdb,1.217739319,0.671786177,0,0.958333954,1.308204721,0,0.991819426,0
1F0M.pdb,3.424527966,0,3.460326949,3.321196512,3.903207231,0,3.075129126,0
EEHEE_rd4_0870.pdb,2.148165888,2.124828698,2.001167034,2.326880064,2.487607245,0,0,0
EHEE_rd4_0069.pdb,3.245954124,2.649590103,2.843769992,2.802583174,2.6663067,0,0,0
EEHEE_rd3_1615.pdb,1.228926017,1.206288028,0.787437521,0.913079634,1.063229706,0,0,0
HHH_rd2_0160.pdb,2.851503292,0,2.757535968,2.154226032,0,0,0,0
EEHEE_rd4_0077.pdb,3.825676098,3.639438695,3.604290846,3.905642195,4.20407064,0,0,0
GG:run1_1390_0006.pdb,3.725751937,3.429493522,3.719381756,3.329337653,3.713726492,0,0,0
2M8U.pdb,3.056434886,2.969146086,3.104605134,3.314546703,3.051323102,0,0,0
6IWS.pdb,3.815195041,0,3.665465525,4.361313502,3.254332459,0,0,0
2LHR.pdb,1.346711216,0,1.17098669,0,0.120017744,0,0,0
EA:run6_1429_0006.pdb,3.588779792,3.310868292,3.480983655,3.660673186,3.398164869,0,0,0
1V1C.pdb,3.121907262,1.862293746,0,3.171313862,3.099119301,2.478228275,2.43670228,0
EEHEE_rd4_0570.pdb,2.118227441,1.550290822,1.808521235,2.221408814,3.040452368,0,0,0
4G3O.pdb,1.197917868,0,1.515690387,1.651567625,0.883052143,0,0,0
6M3N.pdb,1.251394057,1.027180225,1.504601374,1.407007645,1.614078849,0,0,0
1Y0M.pdb,1.662470673,1.109282901,0,1.740243417,1.762290072,0.110466971,1.742934022,0
EHEE_rd3_0053.pdb,2.069737774,1.532225073,1.876213482,1.755363414,2.088103677,0,0,0
2KWH.pdb,2.057619445,0,1.771344675,2.152850237,1.824511688,0,0,0
GG:run3_1365_0003.pdb,2.86110777,2.811448336,2.718765265,2.630815437,2.89591214,0,0,0
1SRM.pdb,2.635727291,2.126366844,0,2.855373567,3.186977541,1.730827588,2.942757688,0
2EKK.pdb,2.681525985,0,2.233619768,1.52685091,2.170332128,0,0,0
5GU9.pdb,1.337392161,1.054869609,0,1.336124985,1.374072215,0,0,0
2LYP.pdb,3.021663532,2.768247793,2.679139952,3.282829877,3.084929806,0,0,0
1CSQ.pdb,1.909032585,1.456779493,0,1.93971097,1.85411537,1.234491558,1.552808541,0
v2R31S:R32S_2N5D.pdb,3.393103885,0,2.627744038,3.251350783,3.019616082,0,0,0
1ZLM.pdb,2.053137534,1.497808299,0,1.936775457,2.292037811,1.271131655,2.064935162,0
2JN4.pdb,0.981959019,1.138338045,0,1.694629252,0.219821075,0,3.290522166,0
2HBB.pdb,1.970163637,1.359891174,2.607255849,2.341249484,1.597351696,1.193508231,0,1.667697995
HHH_rd4_0816.pdb,1.558695293,0,1.08874919,1.385033433,0,0,0,0
HHH_rd1_0578.pdb,1.663706081,0,1.588641983,1.130917989,1.135831175,0,0,0
3QF6.pdb,1.072577107,0.709990751,0.556629351,2.128824586,1.243476712,0.103754021,2.107354641,0
6NJF.pdb,3.454583617,2.854790569,2.5333395,4.049825141,3.916289877,0,0,0
2M51.pdb,3.506514529,2.880129507,0,3.296943448,3.521869894,2.20176664,4.079473351,0
2JRR.pdb,1.72939828,1.297131305,0,1.295675607,1.572048064,0,0,0
2MCK.pdb,1.813369698,0,1.512138574,1.83973893,1.656623334,0.529835188,0.663760918,0
1B7I.pdb,0.277103166,-0.314642302,0.36484579,2.491712456,0.192072092,0.00251815,2.167029113,0
XX:run1_0254_0003.pdb,3.676978634,3.397673386,3.545951954,3.443819923,3.526406784,0,0,0
2LX2.pdb,3.040855584,2.384051383,2.352901035,3.168726226,2.808375303,1.658290031,3.201013038,0
HEEH_KT_rd6_0280.pdb,2.269795077,1.547499651,1.646237072,1.236592122,1.74402455,0,0,0
GG:run3_0695_0006.pdb,3.457047528,3.145098378,3.134047136,3.248811831,0,0,0,0
GG:run5_1147_0004.pdb,2.739613349,2.632443806,2.575656594,2.579114906,0,0,0,0
2D1U.pdb,0.618781876,0.553485802,0.625823065,0.494794416,0.353615239,0,0,0
EEHEE_rd3_1702.pdb,1.976690169,2.014387612,1.976031797,1.991231575,2.237567223,0,0,0
EHEE_rd1_0407.pdb,2.542093068,2.014374205,1.834868154,1.371059736,2.756797964,0,0,0
2JVD.pdb,1.582191996,0,1.502931628,1.531576184,0,0,0,0
1ENH.pdb,1.758569087,0,1.909848871,2.274981559,2.298357033,0,0,0
EEHEE_rd4_0794.pdb,1.360239373,1.514497367,1.355299615,1.381911805,1.280801168,0,0,0
EHEE_rd4_0300.pdb,1.472083114,1.098254258,1.293587938,1.318806133,2.134764846,0,0,0
2L09.pdb,2.34302482,0.954370293,2.227325338,2.848112414,2.368334333,0,0,0
1AOY.pdb,2.384732077,2.610875797,2.459447253,2.681323023,2.877657803,0,3.253148323,0
v2_6IVS.pdb,3.819774981,3.277823237,0,3.84667294,3.316800666,3.377350192,3.548911708,0
2N4T.pdb,1.433704399,1.077197942,0,1.313260871,1.037739077,0,0,0
1TUD.pdb,3.083098867,1.679825666,0,3.16491563,3.450220668,0.942334698,2.524048056,0
r6_560_TrROS_Hall.pdb,2.912544121,2.459089561,0,2.651701171,2.887789238,0,0,0
5XR0.pdb,1.336754404,-0.166499224,1.85700059,0.899389947,0.527601238,0.483905403,1.689648354,0
2K5H.pdb,2.345086052,1.579336203,0,1.876900184,2.234500375,1.862912159,2.618185209,0
1W4F.pdb,3.008628548,2.625120318,2.710848204,3.222499532,1.286371523,1.81097113,0,0
2JRO.pdb,3.951470671,3.440464444,3.669339055,3.979499254,4.164594999,0,0,0
2LJ3.pdb,3.157332806,1.96928549,0,3.162769931,3.496041047,1.035889464,2.70077561,0
HHH_rd1_0196.pdb,0.737269282,0,0.681874807,0.704808409,0,0,0,0
2L8D.pdb,3.178262786,2.386540383,0,2.850671297,2.656382848,0,2.576869795,0
2J6K.pdb,2.195364723,1.944646865,0,2.12435239,2.590285369,1.199377685,2.289180426,0
EA:run2_0779_0006.pdb,3.826237722,0,3.675886402,3.086601243,0,0,0,0
HHH_rd4_0870.pdb,3.198438661,0,2.807191156,3.066264016,2.27731753,0,0,0
2RRT.pdb,3.215742507,2.264172585,2.946521506,3.118509427,3.160855573,0,0,0
v2_1OGW.pdb,3.735280313,3.120586339,2.817072056,3.935293933,3.942460213,4.123101687,3.789954448,0
1LP1.pdb,1.378686264,0,1.352193988,1.120375718,0.695165335,0,1.039207233,0
6EWU.pdb,3.026882599,2.387653549,2.63935138,2.650877869,3.226763844,0,0,0
EEHEE_rd4_0469.pdb,0.956408847,0.894201314,0.982849949,1.132214638,1.218886006,0,0,0
2M9F.pdb,2.278565962,1.581483915,0,2.223857325,1.909294556,0,0,0
2MC5.pdb,0.802719258,0.651085937,0.352343287,0.886227471,0.820710045,0.51376289,0,0
1GYZ.pdb,3.85475128,0,3.599848118,3.594098392,0,0,0,0
3V1A.pdb,2.568638884,0,2.24677475,1.994796427,0,0,0,0
1MSJ.pdb,1.710371355,0.997218517,0.669515183,2.511635789,2.12996568,0.697840969,2.192590575,0
v2_2LXE.pdb,1.743099025,0,1.676687199,1.709435291,0,0,0,0
2AMI.pdb,2.105268674,1.224104562,1.904753455,1.593711524,1.857252852,0,0,0
v2K43S_2KVV.pdb,2.491141682,1.765977981,2.238219659,2.721439078,3.060454696,2.199407884,0,0
5UB0.pdb,3.629014504,3.11789861,3.464689409,4.052462643,4.181297553,0,0,0
EEHEE_rd4_0953.pdb,1.617863856,1.854722166,2.045806099,1.919308878,2.148979614,0,0,0
HHH_rd4_0613.pdb,1.616197423,0,1.324895444,1.231269473,0,0,0,0
r11_797_TrROS_Hall.pdb,3.245121579,2.833311152,2.901446072,3.176435107,3.084632967,0,0,0
HEEH_rd4_0349.pdb,2.377304955,1.862450524,2.047805688,2.118480128,0,0,0,0
HHH_rd1_0473.pdb,1.284928118,0,1.230871242,0.608938462,0,0,0,0
HHH_rd1_0142.pdb,2.799150295,0,2.667504562,3.222335726,1.512389856,0,0,0
2MRL.pdb,3.334815428,2.633987425,3.084873237,3.504771067,3.624261299,0,0,0
1E0L.pdb,2.043059154,1.464270152,0,2.053049877,1.675875273,0,0,0
2KCF.pdb,1.45795169,0.899250421,0,1.608159996,1.392342068,0,0,0
EEHEE_rd3_1058.pdb,1.112431378,1.141473532,1.082427007,1.122253265,1.607690493,0,0,0
HHH_rd2_0158.pdb,2.902422787,0,2.904719832,1.956268343,0,0,0,0
EHEE_rd2_0628.pdb,2.567048529,1.710759457,1.90776072,1.080129869,1.948733126,0,0,0
XX:run5_0690_0002.pdb,2.757765865,2.655844871,2.588680155,2.603385825,2.657423812,0,0,0
EEHEE_rd4_0003.pdb,2.41493753,2.221971165,2.246889884,2.313510439,2.646230842,0,0,0
EHEE_rd2_1257.pdb,1.866669813,1.153519426,1.49070155,0.96306859,1.552994415,0,0,0
2KRU.pdb,2.550128695,1.353988054,2.705706557,2.692551137,3.296497347,0,0,0
r6_831_TrROS_Hall.pdb,2.687410988,2.730576485,2.749814306,2.993972185,0,0,0,0
1H92.pdb,1.540660968,0.802628706,0,1.136249987,1.560956695,0.724733656,1.62915088,0
1UFM.pdb,2.964376556,1.997265422,2.55168329,2.702765673,2.007350205,0,0,0
2PDD.pdb,2.92678852,2.499358335,2.578703797,3.063676813,0.502946533,1.114839914,0,0
EEHEE_rd4_0647.pdb,2.150184815,1.943655975,2.019086545,2.058418285,2.664643198,0,0,0
r7_307_TrROS_Hall.pdb,4.427426365,3.840101584,4.239815802,4.51640581,3.884343053,0,0,0
5UBS.pdb,2.901392178,2.168544894,2.556655746,2.828503419,2.722013324,0,0,0
EEHEE_rd3_1810.pdb,1.087275646,1.028045222,1.063927237,1.193400787,1.65596541,0,0,0
HHH_rd4_0849.pdb,2.042212241,0,1.822402944,2.178120099,0,0,0,0
4L5E.pdb,3.705298653,0,3.614888717,3.126744893,2.041022805,0,0,0
1GB4.pdb,1.307209385,1.246095701,1.330913589,1.277812676,1.444945982,0,0,0
EHEE_rd4_0864.pdb,0.473380116,0.024914609,0.15431003,-0.255193696,0.489739705,0,0,0
XX:run3_1384_0005.pdb,3.047365266,2.834393034,2.816946641,2.606542255,2.87026733,0,0,0
EHEE_rd4_0726.pdb,2.235112509,1.409247847,1.719845748,1.798592133,2.240613104,0,0,0
HEEH_rd2_0750.pdb,3.070003261,2.017513892,2.372527805,2.133558726,2.010571395,0,0,0
XX:run10_1081_0004.pdb,3.868917244,3.46854192,4.022655888,3.77793556,3.780368386,0,0,0
XX:run5_0283_0004.pdb,2.250175818,2.364489669,1.937660347,2.099309456,0,0,0,0
6FVC.pdb,0.717941257,0,0.754419678,0.703065495,0.925915219,0,0,0
2MW9.pdb,2.104947144,1.334294845,0,2.133379583,1.800456229,0,0,0
1URF.pdb,2.382046649,0,2.040568463,2.476273336,0,0,0,0
EEHEE_rd3_0144.pdb,1.621511845,1.394918039,1.597463067,1.380082306,1.805934824,0,0,0
EA:run5_0050_0004.pdb,3.834547146,0,3.464070081,3.293781416,0,0,0,0
XX:run8_1098_0003.pdb,2.337166159,2.35028782,2.11269199,1.943790579,2.143888212,0,0,0
2MCH.pdb,3.028351886,0,2.625457345,3.1266916,2.560502911,1.298685665,1.721992897,0
2YSF.pdb,0.462958544,0.302503725,0,0.865536788,0.893744751,0,0,0
HEEH_rd3_0002.pdb,1.396352076,1.378179468,1.203333379,1.628613041,1.589095153,0,0,0
2K28.pdb,2.082450131,1.342488547,2.179800077,2.23385952,2.733500647,0,2.319463415,0
HEEH_KT_rd6_0793.pdb,1.537675679,1.002499325,1.185288643,1.144699705,0,0,0,0
1B7J.pdb,0.443779082,0.161467981,0.455451416,1.629759677,1.122238314,0.145300139,1.948815328,0
EA:run2_0290_0001.pdb,4.152387469,3.392187643,3.91547605,3.760086408,4.598055613,0,0,0
HEEH_rd3_0055.pdb,1.673356083,1.462854616,1.483284557,1.781955784,1.52455901,0,0,0
1I6C.pdb,1.717533896,1.08902706,0,1.747645402,1.501361881,0,0,0
HEEH_KT_rd6_0872.pdb,1.781285311,1.19831464,1.621289638,2.013587355,0,0,0,0
EEHEE_rd3_1627.pdb,2.327328445,2.265174393,2.162433364,2.490439182,2.46160959,0,0,0
GG:run3_0687_0004.pdb,2.572533904,2.22586894,2.272241601,1.990780897,2.351755579,0,0,0
1YP5.pdb,0.377532194,0.100405936,0,0.158503917,0.170521997,-0.288572193,0.30662706,0
EEHEE_rd3_1498.pdb,1.415076821,1.363377015,1.136040339,1.397361639,1.825609063,0,0,0
2B89.pdb,1.267204639,0,1.528951777,1.415692351,0,0,1.752077463,0
HHH_rd2_0155.pdb,1.449088494,0,1.556288122,1.146552274,0,0,0,0
6MSI.pdb,0.982506396,0.382161708,0.611754548,1.462956123,1.232658615,-0.081232835,2.48401567,0
2L7M.pdb,1.499897787,0,1.578461,1.945668661,1.298431081,0,0,0
4HCK.pdb,3.228307008,2.188570914,0,3.028745822,2.910197059,1.69885591,3.232204694,0
r14_568_TrROS_Hall.pdb,3.31585199,3.116954338,0,3.268491169,1.312600664,0,0,0
1BNZ.pdb,4.76489871,4.418842259,4.610156448,4.760630393,4.557438417,0,4.685725207,0
EHEE_rd4_0086.pdb,1.676043999,1.001322968,1.246121615,1.369644259,1.991243313,0,0,0
HEEH_KT_rd6_0790.pdb,1.919965554,1.271906791,1.756497217,1.53905242,1.476349254,0,0,0
2K5P.pdb,1.504637314,1.840916317,1.41306999,1.70805243,2.884481965,0,1.999561177,0
EHEE_rd2_0751.pdb,1.606294182,0.954974023,0.975334065,0.555867712,0.523552953,0,0,0
2YSB.pdb,1.185148118,0.430194187,0,1.05514568,1.119914235,0,0,0
EEHEE_rd4_0642.pdb,1.598702246,1.322835254,1.375255417,1.218941725,1.762367625,0,0,0
EEHEE_rd3_1587.pdb,0.976799321,0.921183472,1.008681124,1.218314675,1.136203374,0,0,0
1YG0.pdb,1.45083669,1.236592103,1.663265087,1.416806098,1.164577553,0,0,0
GG:run3_0396_0003.pdb,3.240021524,3.339679806,2.994731078,3.101068456,3.230183158,0,0,0
GG:run2_0085_0001.pdb,3.739168656,3.704995552,3.541202459,3.585511319,0,0,0,0
2QFF.pdb,1.688280805,0,1.490974195,2.134893746,1.186933051,0,2.16497065,0
2MLB.pdb,3.610330006,3.6195365,3.250747358,3.616951782,3.359478499,2.696052219,0,0
HHH_rd1_0335.pdb,1.824173736,0,1.584526757,1.53643606,0,0,0,0
v2_4UZX.pdb,1.829272341,0,1.908589872,1.745841792,1.203164301,0,0,0
GG:run6_0851_0003.pdb,4.140105227,3.607285323,3.693623018,3.659526125,0,0,0,0
1WR7.pdb,1.834454243,0.885498895,0,1.521588813,1.206534962,0,1.576559582,0
EEHEE_rd3_0602.pdb,2.120873722,1.929605061,2.00771016,1.98483077,2.317976553,0,0,0
2ONQ.pdb,4.754377667,3.40059917,3.01772123,4.528484723,0,0,0,0
EEHEE_rd4_0763.pdb,1.341853662,1.343896633,1.284476061,1.252179867,1.468448399,0,0,0
2LQK.pdb,1.15266886,0.772078918,0,0.970167683,0,0,1.409401286,0
GG:run5_0637_0006.pdb,4.338625847,3.702610928,3.943560986,3.740974374,4.27754624,0,0,0
r11_692_TrROS_Hall.pdb,3.674321429,3.062131498,2.990466246,3.667562126,0,0,3.560540037,0
2ZW1.pdb,2.380371078,2.042301095,2.309281005,2.419354348,2.687448178,0,0,0
6NS8.pdb,1.953827726,0,1.904881854,2.186085037,2.436195203,0,2.309262788,0
XX:run6_1081_0004.pdb,3.246584744,2.944226794,2.96183044,3.115451886,2.311072255,0,0,0
2JZ2.pdb,2.571265546,2.191415258,0,2.514256625,2.78885107,0,2.209234645,0
HHH_rd2_0090.pdb,2.240817563,0,2.627592078,1.487301404,0,0,0,0
HEEH_KT_rd6_0007.pdb,1.217265555,0.943635631,0.985880389,1.121324276,0.992831362,0,0,0
5ZD0.pdb,3.040301374,2.591705194,2.341252691,2.546156853,0,4.846880355,3.902303105,0
EEHEE_rd4_0418.pdb,1.38907733,1.090890888,0.97290427,0.759964654,1.196376648,0,0,0
1E6H.pdb,3.768027047,2.52047078,0,3.682617563,4.073710586,1.477574812,3.298919956,0
EHEE_rd4_0840.pdb,1.249400249,0.847181886,0.967400721,0.922884746,0,0,0,0
HEEH_KT_rd6_0200.pdb,1.598833947,1.337069238,1.553895844,1.661772561,0,0,0,0
EEHEE_rd4_0256.pdb,1.855302184,1.956876838,1.971245868,2.12059025,2.248244506,0,0,0
2MWB.pdb,2.157273778,1.578449097,0,2.158227939,1.854887206,0,0,0
EEHEE_rd3_1817.pdb,1.956281646,1.992307801,1.803309813,2.047788824,2.547363074,0,0,0
HHH_rd3_0164.pdb,1.828440445,0,1.760608012,1.111209707,0,0,0,0
2L7F.pdb,1.174538593,0,1.40771322,1.827793905,1.291377989,0,0,0
v2_2M5A.pdb,3.242021071,0,3.25828854,3.507844905,2.602388366,0,3.374495735,0
6HQ1.pdb,0.988329199,1.057251281,0.738748082,1.272561443,0.029391111,0,0,0
1EKL.pdb,1.130354023,0.348657363,0.571111029,2.382220373,0.346389486,0.173457316,3.01332286,0
EEHEE_rd4_0998.pdb,1.565777163,1.462881818,1.205669843,1.343785022,1.581474219,0,0,0
v2_2LDM.pdb,1.88420145,1.496581566,0,1.703555534,1.431271554,0,2.24220545,0
EEHEE_rd4_0363.pdb,1.465103516,1.457932953,1.2622024,1.371984059,1.736120337,0,0,0
2AME.pdb,0.789340965,0.331200521,0.144269205,1.471308552,1.500815195,-0.068696855,2.226764179,0
2JT1.pdb,3.019920981,2.263169146,2.525814622,2.876007083,2.692358361,0,0,0
6YSE.pdb,1.224035769,0,0.660637378,0,0.946360206,0,0,0
r18_3_TrROS_Hall.pdb,2.963926602,3.13144414,3.203211118,3.215202189,0,0,0,0
5UOI.pdb,2.167191535,0,1.785450411,1.521006507,0,0,0,0
r10_572_TrROS_Hall.pdb,2.515087714,2.346555557,2.347611404,2.405803485,2.336374429,0,0,0
HHH_rd3_0224.pdb,1.615224313,0,1.238583589,1.399578579,0,0,0,0
HEEH_KT_rd6_3504.pdb,4.322168195,3.619470488,3.654684529,3.868462094,0,0,0,0
EHEE_rd4_0340.pdb,1.046703865,0.740846939,1.300224766,1.254161447,1.381784971,0,0,0
1MJC.pdb,2.09543225,1.64340398,0,2.011497621,1.847410401,1.956374461,1.949408606,0
HHH_rd1_0606.pdb,2.493685192,0,2.349943291,2.258625447,0,0,0,0
HEEH_KT_rd6_0746.pdb,2.113359953,1.802505362,1.916372029,1.98542242,1.853164067,0,0,0
EEHEE_rd3_1558.pdb,1.039671665,0.748228411,0.902751104,0.877042627,0.96213654,0,0,0
XX:run5_1034_0004.pdb,4.099069997,3.413546454,3.783391876,3.200392777,3.606849081,0,0,0
EEHEE_rd4_0424.pdb,1.876451138,2.070575386,2.033478517,2.013969631,2.458026647,0,0,0
HHH_rd3_0008.pdb,3.040407872,0,2.992596157,2.199944309,0,0,0,0
EHEE_rd4_0325.pdb,1.577822091,1.274310081,1.414417282,1.151234623,1.864175507,0,0,0
7JJK.pdb,2.522085819,0,2.075206971,2.327612656,0.5089259,0,0,0
v2_2LC2.pdb,1.175037711,0,1.258716625,1.293839417,1.833558489,0,1.666308182,0
3CQT.pdb,3.272630593,2.640137829,0,3.436193431,3.892497243,2.611741253,3.657133271,0
2KR3.pdb,1.847574065,1.630270877,0,2.027400827,2.318005844,0.327453601,1.672077364,0
2N9L.pdb,3.630021369,2.85770078,2.790099365,4.199455516,3.690178471,0,0,0
5JRT.pdb,2.811331903,0,2.921589329,2.882978676,0,0,2.993405866,0
EEHEE_rd3_0094.pdb,0.90365013,0.87197727,0.81123745,0.796382416,1.219778703,0,0,0
1GJS.pdb,2.778521555,0,2.26880267,2.538607128,2.111704693,0,0,0
v2_2HDZ.pdb,2.48007955,0,2.351346388,2.324184231,0.690128375,0,0,0
EHEE_rd2_0341.pdb,2.799102824,2.403155448,2.530577939,2.163807826,3.326809892,0,0,0
1UZC.pdb,1.818750922,0,1.624253207,2.107399876,1.521868793,0,1.378085335,0
8AME.pdb,1.371801924,0.867951227,0.094509256,2.065060254,2.033220965,0.699297232,2.448815716,0
EEHEE_rd3_1049.pdb,1.363137039,1.529969362,1.377629026,1.8149167,1.694680812,0,0,0
2YSH.pdb,1.841753549,1.16668763,0,1.825605708,1.277236733,0,0,0
r4_412_TrROS_Hall.pdb,2.686781194,2.368636348,2.443627218,2.788558651,2.39022881,0,0,0
5AHT.pdb,0.447856525,-0.143960029,0.059308403,0.114515534,0.228780246,0,1.126787548,0
EA:run3_0321_0005.pdb,3.005476093,2.689146227,2.670290278,2.670340252,0,0,0,0
GG:run4_0467_0002.pdb,2.035149346,2.118477471,2.036499623,2.127868321,2.100729504,0,0,0
2M8I.pdb,1.973031136,1.516858856,0,2.40012101,2.107812083,0,2.649010596,0
HHH_rd2_0181.pdb,2.966606284,0,2.979188632,3.033823807,0,0,0,0
2LLV.pdb,3.771056769,0,3.992330997,3.922527774,4.494454383,0,0,0
HEEH_rd4_0097.pdb,2.865788914,2.532972053,2.579825835,2.604550683,0,0,0,0
r7_587_TrROS_Hall.pdb,2.538024265,2.071847635,2.586542617,2.63978036,0,0,0,0
2RRU.pdb,1.654062881,0,1.540423978,1.506738411,0,0,1.646379013,0
HEEH_rd3_0223.pdb,0.893862473,0.524828295,0.609360938,0.823353448,0.743434319,0,0,0
2WNM.pdb,2.36775843,1.491996356,1.928557342,0.425812619,2.1929186,0,2.34690061,0
GG:run6_0775_0006.pdb,4.039090438,0,3.501738426,0,0,0,0,0
r11_569_TrROS_Hall.pdb,1.576765449,1.417728335,1.497196711,1.676451179,0.531896343,0,0,0
HHH_rd4_0125.pdb,3.224801777,0,2.556768849,2.923967395,0,0,0,0
GG:run5_0650_0005.pdb,3.252128566,3.335259623,3.11087774,2.868526447,3.067779181,0,0,0
2ON8.pdb,4.025059701,2.991857275,2.985356105,3.768360568,3.528371631,0,0,0
EEHEE_rd3_0657.pdb,1.948046364,1.839109086,1.860332452,2.241994692,1.801727596,0,0,0
2MPK.pdb,3.071555578,0,2.875625892,2.61972011,3.371476986,0,0,0
3AME.pdb,1.165321066,0.537299904,-0.105858105,1.492341357,0.798837395,0.058828646,2.024500508,0
5UP5.pdb,3.255311566,1.89807545,2.313504714,2.543150638,2.462199405,0,0,0
1IFY.pdb,2.40664443,0,1.984612834,2.067265865,2.16338559,0,0,0
EHEE_rd2_0601.pdb,1.111071346,0.658805912,0.931228194,-0.049459874,0.431936815,0,0,0
2L6Q.pdb,2.705099564,2.199473101,2.004337924,1.814278042,2.870712137,0,2.658020814,0
GG:run4_0284_0002.pdb,4.051661027,3.607567105,3.817031944,3.811109407,0,0,0,0
2KZJ.pdb,3.012011771,0,2.918005547,3.298302975,1.973045443,0,3.093236589,0
EHEE_rd4_0463.pdb,2.389923504,1.632861711,1.640659563,1.620162887,2.493586204,0,0,0
HHH_rd1_0756.pdb,0.988421116,0,1.088071077,0.591264932,0,0,0,0
1W4E.pdb,3.25999526,2.520068278,2.773082266,3.276612551,1.488787523,2.062768201,0,0
7MSI.pdb,0.82972824,0.88920326,0.55814509,1.727338623,1.043397189,0.838733995,2.352037706,0
r11_829_TrROS_Hall.pdb,3.325357495,2.771819974,2.999261429,3.193148028,2.082465869,0,0,0
r11_233_TrROS_Hall.pdb,2.684455456,2.542529705,2.815478239,2.669843484,2.619642076,0,0,0
EEHEE_rd4_0784.pdb,0.470541565,0.332676528,0.345312918,0.326094217,0.636748033,0,0,0
v2_2L15.pdb,4.28775789,3.230307804,0,4.20789037,4.362470103,2.881319924,3.969259575,0
EHEE_rd2_0840.pdb,4.041309927,3.164074956,3.309209306,2.371261725,3.80122552,0,0,0
2GP8.pdb,0.860283485,0,0.798063947,0.603480569,1.109717175,0,0,0
9AME.pdb,0.5391008,-0.008193966,0.119918444,3.257316802,0.483350296,0.289901374,-0.697959052,0
2MSJ.pdb,0.739463916,0.033980685,0.168564711,1.42782478,0.142735251,-0.199218641,1.951466796,0
XX:run1_0367_0004.pdb,3.698793483,3.215835316,3.556005312,3.23053057,3.40980939,0,0,0
5LXJ.pdb,2.999105478,0,2.528098609,0,2.235139993,0,0,0
8MSI.pdb,1.308879024,0.636763689,0.136129132,2.173606158,1.690193383,0.555066446,1.821007374,0
2LX3.pdb,1.796406052,1.663455831,0.733778218,3.32493303,1.776723889,1.019699473,2.568012436,0
EHEE_rd4_0394.pdb,1.906443124,1.027665502,1.219056799,1.546465909,2.103880597,0,0,0
4UR4.pdb,0.966816038,0.878743585,1.239726837,3.274013444,1.390618692,0.856563666,1.919559309,0
EHEE_rd1_0101.pdb,2.393496873,1.746201161,1.674062435,1.01912551,1.682405884,0,0,0
EHEE_rd4_0195.pdb,2.541170132,1.807019905,2.222664385,2.279458899,2.915780307,0,0,0
HHH_rd1_0033.pdb,1.963077301,0,1.694398441,1.446745206,0,0,0,0
